id,labnr,bp,std,cal_bp,cal_std,delta_c13,source_database,lab_name,material,species,feature,feature_type,site,country,lat,lng,site_type,periods,typochronological_units,ecochronological_units,reference,CalAge,CalSD,_is_forager,_is_farmer,_is_pre_holocene
44452,I-5498,9970.0,150.0,,,0.0,,,charcoal,,,,Abu Salem G 12,IL,30.53,34.51,,"[{""periode"": ""Epipalaeolithic""}, {""periode"": ""Harifian""}]","[{""typochronological_unit"": ""Epipalaeolithic""}, {""typochronological_unit"": ""Harifian""}]","[{""ecochronological_unit"": ""Epipalaeolithic""}, {""ecochronological_unit"": ""Harifian""}]","[{""reference"": ""Byrd 1994""}, {""reference"": ""CalPal2022""}]",11357.5,187.5,True,False,False
44453,I-5499,10230.0,150.0,,,0.0,,,charcoal,,,,Abu Salem G 12,IL,30.53,34.51,,"[{""periode"": ""Epipalaeolithic""}, {""periode"": ""Harifian""}]","[{""typochronological_unit"": ""Epipalaeolithic""}, {""typochronological_unit"": ""Harifian""}]","[{""ecochronological_unit"": ""Epipalaeolithic""}, {""ecochronological_unit"": ""Harifian""}]","[{""reference"": ""Byrd 1994""}, {""reference"": ""CalPal2022""}]",11887.5,262.5,True,False,False
44454,I-5500,10230.0,150.0,,,0.0,,,charcoal,,,,Abu Salem G 12,IL,30.53,34.51,,"[{""periode"": ""Epipalaeolithic""}, {""periode"": ""Harifian""}]","[{""typochronological_unit"": ""Epipalaeolithic""}, {""typochronological_unit"": ""Harifian""}]","[{""ecochronological_unit"": ""Epipalaeolithic""}, {""ecochronological_unit"": ""Harifian""}]","[{""reference"": ""Byrd 1994""}, {""reference"": ""CalPal2022""}]",11887.5,262.5,True,False,False
44455,Pta-3080,11660.0,90.0,,,0.0,,,charcoal,,,,Abu Salem G 12,IL,30.53,34.51,,"[{""periode"": ""Epipalaeolithic""}, {""periode"": ""Harifian""}]","[{""typochronological_unit"": ""Epipalaeolithic""}, {""typochronological_unit"": ""Harifian""}]","[{""ecochronological_unit"": ""Epipalaeolithic""}, {""ecochronological_unit"": ""Harifian""}]","[{""reference"": ""Byrd 1994""}, {""reference"": ""CalPal2022""}]",13532.5,127.5,True,False,False
44456,Pta-3289,10300.0,100.0,,,0.0,,,charcoal,,,,Abu Salem G 12,IL,30.53,34.51,,"[{""periode"": ""Epipalaeolithic""}, {""periode"": ""Harifian""}]","[{""typochronological_unit"": ""Epipalaeolithic""}, {""typochronological_unit"": ""Harifian""}]","[{""ecochronological_unit"": ""Epipalaeolithic""}, {""ecochronological_unit"": ""Harifian""}]","[{""reference"": ""Byrd 1994""}, {""reference"": ""CalPal2022""}]",12017.5,241.66666666666669,True,False,False
44457,Pta-3290,10340.0,90.0,,,0.0,,,charcoal,,,,Abu Salem G 12,IL,30.53,34.51,,"[{""periode"": ""Epipalaeolithic""}, {""periode"": ""Harifian""}]","[{""typochronological_unit"": ""Epipalaeolithic""}, {""typochronological_unit"": ""Harifian""}]","[{""ecochronological_unit"": ""Epipalaeolithic""}, {""ecochronological_unit"": ""Harifian""}]","[{""reference"": ""Byrd 1994""}, {""reference"": ""CalPal2022""}]",12217.5,637.5,True,False,False
44458,Pta-3291,10140.0,80.0,,,0.0,,,charcoal,,,,Abu Salem G 12,IL,30.53,34.51,,"[{""periode"": ""Epipalaeolithic""}, {""periode"": ""Harifian""}]","[{""typochronological_unit"": ""Epipalaeolithic""}, {""typochronological_unit"": ""Harifian""}]","[{""ecochronological_unit"": ""Epipalaeolithic""}, {""ecochronological_unit"": ""Harifian""}]","[{""reference"": ""Byrd 1994""}, {""reference"": ""CalPal2022""}]",11782.5,100.0,True,False,False
44459,Pta-3292,10550.0,90.0,,,0.0,,,charcoal,,,,Abu Salem G 12,IL,30.53,34.51,,"[{""periode"": ""Epipalaeolithic""}, {""periode"": ""Harifian""}]","[{""typochronological_unit"": ""Epipalaeolithic""}, {""typochronological_unit"": ""Harifian""}]","[{""ecochronological_unit"": ""Epipalaeolithic""}, {""ecochronological_unit"": ""Harifian""}]","[{""reference"": ""Byrd 1994""}, {""reference"": ""CalPal2022""}]",12557.5,187.5,True,False,False
44460,Pta-3293,10420.0,100.0,,,0.0,,,charcoal,,,,Abu Salem G 12,IL,30.53,34.51,,"[{""periode"": ""Epipalaeolithic""}, {""periode"": ""Harifian""}]","[{""typochronological_unit"": ""Epipalaeolithic""}, {""typochronological_unit"": ""Harifian""}]","[{""ecochronological_unit"": ""Epipalaeolithic""}, {""ecochronological_unit"": ""Harifian""}]","[{""reference"": ""Byrd 1994""}, {""reference"": ""CalPal2022""}]",12335.0,466.6666666666667,True,False,False
44535,RT-1081,10700.0,230.0,,,0.0,,,charcoal,,,settlement,Azariq 8,IL,30.95,34.4,settlement,"[{""periode"": ""Epipalaeolithic""}, {""periode"": ""Masraqan""}]","[{""typochronological_unit"": ""Epipalaeolithic""}, {""typochronological_unit"": ""Masraqan""}]","[{""ecochronological_unit"": ""Epipalaeolithic""}, {""ecochronological_unit"": ""Masraqan""}]","[{""reference"": ""Goring-Morris and Cohern 2005""}, {""reference"": ""CalPal2022""}]",12717.5,230.0,True,False,False
44592,Pta-1367,10680.0,190.0,,,0.0,,,charcoal,,,,El-Wad,IL,32.67,34.97,,"[{""periode"": ""Epipalaeolithic""}, {""periode"": ""Natufian""}]","[{""typochronological_unit"": ""Epipalaeolithic""}, {""typochronological_unit"": ""Natufian""}]","[{""ecochronological_unit"": ""Epipalaeolithic""}, {""ecochronological_unit"": ""Natufian""}]","[{""reference"": ""Weinstein-Evron 1991, Carmi and Segal 1992""}, {""reference"": ""CalPal2022""}]",12707.5,190.0,True,False,False
44648,GifA-91141,11020.0,180.0,,,0.0,,,bone,,,camp site,Hatoula,IL,31.81,34.98,camp site,"[{""periode"": ""Epipalaeolithic""}, {""periode"": ""Natufian""}]","[{""typochronological_unit"": ""Epipalaeolithic""}, {""typochronological_unit"": ""Natufian""}]","[{""ecochronological_unit"": ""Epipalaeolithic""}, {""ecochronological_unit"": ""Natufian""}]","[{""reference"": ""Valla and Arnold 1994""}, {""reference"": ""CalPal2022""}]",12942.5,285.0,True,False,False
44650,OxA-743,12010.0,180.0,,,0.0,,,seed/fruit,Pinus,,,Hayonim Cave,IL,32.92,35.22,,"[{""periode"": ""Epipalaeolithic""}, {""periode"": ""Natufian""}]","[{""typochronological_unit"": ""Epipalaeolithic""}, {""typochronological_unit"": ""Natufian""}]","[{""ecochronological_unit"": ""Epipalaeolithic""}, {""ecochronological_unit"": ""Natufian""}]","[{""reference"": ""Gowlett and Hedges 1987, Hopf and Bar-Yosef 1987, Valla 1987b, Bar-Yosef 1991, Housley 1994, Schyle 1996""}, {""reference"": ""CalPal2022""}]",13905.0,600.0,True,False,False
44651,OxA-1899,10000.0,100.0,,,-26.0,,,seed/fruit,Hordeum,,settlement,Hayonim Terrace,IL,32.92,35.22,settlement,"[{""periode"": ""Epipalaeolithic""}, {""periode"": ""Natufian""}]","[{""typochronological_unit"": ""Epipalaeolithic""}, {""typochronological_unit"": ""Natufian""}]","[{""ecochronological_unit"": ""Epipalaeolithic""}, {""ecochronological_unit"": ""Natufian""}]","[{""reference"": ""Housley 1994""}, {""reference"": ""CalPal2022""}]",11477.5,425.0,True,False,False
44652,OxA-1900,6970.0,80.0,,,-26.0,,,seed/fruit,Hordeum,,settlement,Hayonim Terrace,IL,32.92,35.22,settlement,"[{""periode"": ""Epipalaeolithic""}, {""periode"": ""Natufian""}]","[{""typochronological_unit"": ""Epipalaeolithic""}, {""typochronological_unit"": ""Natufian""}]","[{""ecochronological_unit"": ""Epipalaeolithic""}, {""ecochronological_unit"": ""Natufian""}]","[{""reference"": ""Housley 1994""}, {""reference"": ""CalPal2022""}]",7795.0,106.66666666666666,True,False,False
44653,OxA-2569,11220.0,110.0,,,0.0,,,bone,,,settlement,Hayonim Terrace,IL,32.92,35.22,settlement,"[{""periode"": ""Epipalaeolithic""}, {""periode"": ""Natufian""}]","[{""typochronological_unit"": ""Epipalaeolithic""}, {""typochronological_unit"": ""Natufian""}]","[{""ecochronological_unit"": ""Epipalaeolithic""}, {""ecochronological_unit"": ""Natufian""}]","[{""reference"": ""Housley 1994""}, {""reference"": ""CalPal2022""}]",13127.5,110.0,True,False,False
44654,OxA-2570,11820.0,120.0,,,0.0,,,bone,,,settlement,Hayonim Terrace,IL,32.92,35.22,settlement,"[{""periode"": ""Epipalaeolithic""}, {""periode"": ""Natufian""}]","[{""typochronological_unit"": ""Epipalaeolithic""}, {""typochronological_unit"": ""Natufian""}]","[{""ecochronological_unit"": ""Epipalaeolithic""}, {""ecochronological_unit"": ""Natufian""}]","[{""reference"": ""Housley 1994""}, {""reference"": ""CalPal2022""}]",13680.0,300.0,True,False,False
44655,OxA-2571,9640.0,100.0,,,0.0,,,bone,,,settlement,Hayonim Terrace,IL,32.92,35.22,settlement,"[{""periode"": ""Epipalaeolithic""}, {""periode"": ""Natufian""}]","[{""typochronological_unit"": ""Epipalaeolithic""}, {""typochronological_unit"": ""Natufian""}]","[{""ecochronological_unit"": ""Epipalaeolithic""}, {""ecochronological_unit"": ""Natufian""}]","[{""reference"": ""Housley 1994""}, {""reference"": ""CalPal2022""}]",11020.0,466.6666666666667,True,False,False
44656,OxA-2572,11460.0,110.0,,,0.0,,,bone,,,settlement,Hayonim Terrace,IL,32.92,35.22,settlement,"[{""periode"": ""Epipalaeolithic""}, {""periode"": ""Natufian""}]","[{""typochronological_unit"": ""Epipalaeolithic""}, {""typochronological_unit"": ""Natufian""}]","[{""ecochronological_unit"": ""Epipalaeolithic""}, {""ecochronological_unit"": ""Natufian""}]","[{""reference"": ""Housley 1994""}, {""reference"": ""CalPal2022""}]",13325.0,110.0,True,False,False
44657,OxA-2573,10100.0,160.0,,,0.0,,,bone,,,settlement,Hayonim Terrace,IL,32.92,35.22,settlement,"[{""periode"": ""Epipalaeolithic""}, {""periode"": ""Natufian""}]","[{""typochronological_unit"": ""Epipalaeolithic""}, {""typochronological_unit"": ""Natufian""}]","[{""ecochronological_unit"": ""Epipalaeolithic""}, {""ecochronological_unit"": ""Natufian""}]","[{""reference"": ""Housley 1994""}, {""reference"": ""CalPal2022""}]",11725.0,426.66666666666663,True,False,False
44658,OxA-2975,11790.0,120.0,,,0.0,,,bone,,,settlement,Hayonim Terrace,IL,32.92,35.22,settlement,"[{""periode"": ""Epipalaeolithic""}, {""periode"": ""Natufian""}]","[{""typochronological_unit"": ""Epipalaeolithic""}, {""typochronological_unit"": ""Natufian""}]","[{""ecochronological_unit"": ""Epipalaeolithic""}, {""ecochronological_unit"": ""Natufian""}]","[{""reference"": ""Housley 1994""}, {""reference"": ""CalPal2022""}]",13667.5,270.0,True,False,False
44659,OxA-2977,11720.0,120.0,,,0.0,,,bone,,,settlement,Hayonim Terrace,IL,32.92,35.22,settlement,"[{""periode"": ""Epipalaeolithic""}, {""periode"": ""Natufian""}]","[{""typochronological_unit"": ""Epipalaeolithic""}, {""typochronological_unit"": ""Natufian""}]","[{""ecochronological_unit"": ""Epipalaeolithic""}, {""ecochronological_unit"": ""Natufian""}]","[{""reference"": ""Housley 1994""}, {""reference"": ""CalPal2022""}]",13555.0,160.0,True,False,False
44660,SMU-231,11920.0,90.0,,,0.0,,,charcoal,,,settlement,Hayonim Terrace,IL,32.92,35.22,settlement,"[{""periode"": ""Epipalaeolithic""}, {""periode"": ""Natufian""}]","[{""typochronological_unit"": ""Epipalaeolithic""}, {""typochronological_unit"": ""Natufian""}]","[{""ecochronological_unit"": ""Epipalaeolithic""}, {""ecochronological_unit"": ""Natufian""}]","[{""reference"": ""Henry 1976, Davis and Valla 1978, Bar-Yosef 1981b, Henry et al. 1981b, Schyle 1996""}, {""reference"": ""CalPal2022""}]",13785.0,90.0,True,False,False
44672,RTT-3760,10750.0,50.0,,,0.0,,,charcoal,,,cave,Hilazon Tachtit,IL,32.8692,35.3086,cave,"[{""periode"": ""Epipalaeolithic""}]","[{""typochronological_unit"": ""Epipalaeolithic""}]","[{""ecochronological_unit"": ""Epipalaeolithic""}]","[{""reference"": ""Grosman, Munro 2007""}, {""reference"": ""CalPal2022""}]",12732.5,50.0,True,False,False
44673,RTT-4592,10530.0,60.0,,,0.0,,,charcoal,,,cave,Hilazon Tachtit,IL,32.8692,35.3086,cave,"[{""periode"": ""Epipalaeolithic""}]","[{""typochronological_unit"": ""Epipalaeolithic""}]","[{""ecochronological_unit"": ""Epipalaeolithic""}]","[{""reference"": ""Grosman, Munro 2007""}, {""reference"": ""CalPal2022""}]",12552.5,125.0,True,False,False
44674,RTT-4593,10770.0,65.0,,,0.0,,,charcoal,,,cave,Hilazon Tachtit,IL,32.8692,35.3086,cave,"[{""periode"": ""Epipalaeolithic""}]","[{""typochronological_unit"": ""Epipalaeolithic""}]","[{""ecochronological_unit"": ""Epipalaeolithic""}]","[{""reference"": ""Grosman, Munro 2007""}, {""reference"": ""CalPal2022""}]",12735.0,65.0,True,False,False
44683,Hv-3368,9395.0,130.0,,,0.0,,,charcoal,,,cave,Iraq el-Barud,IL,32.73,34.98,cave,"[{""periode"": ""Epipalaeolithic""}, {""periode"": ""final Natufian/ begin PPNA""}]","[{""typochronological_unit"": ""Epipalaeolithic""}, {""typochronological_unit"": ""final Natufian/ begin PPNA""}]","[{""ecochronological_unit"": ""Epipalaeolithic""}, {""ecochronological_unit"": ""final Natufian/ begin PPNA""}]","[{""reference"": ""Ronen 1973, 62""}, {""reference"": ""CalPal2022""}]",10617.5,162.5,True,False,False
44685,Pta-2827,10960.0,390.0,,,0.0,,,bone,,,cave,Iraq el-Barud,IL,32.73,34.98,cave,"[{""periode"": ""Epipalaeolithic""}]","[{""typochronological_unit"": ""Epipalaeolithic""}]","[{""ecochronological_unit"": ""Epipalaeolithic""}]","[{""reference"": ""CalPal2022""}]",12860.0,390.0,True,False,False
44735,BM-1407,11086.0,90.0,,,0.0,,,charcoal,,,settlement,Jericho,PS,31.86,35.47,settlement,"[{""periode"": ""Epipalaeolithic""}, {""periode"": ""Natufian""}]","[{""typochronological_unit"": ""Epipalaeolithic""}, {""typochronological_unit"": ""Natufian""}]","[{""ecochronological_unit"": ""Epipalaeolithic""}, {""ecochronological_unit"": ""Natufian""}]","[{""reference"": ""Burleigh 1981, Weinstein 1984, Schyle 1996""}, {""reference"": ""CalPal2022""}]",13042.5,127.5,True,False,False
44768,P-376,11166.0,107.0,,,0.0,,,charcoal,,,settlement,Jericho,PS,31.86,35.47,settlement,"[{""periode"": ""Epipalaeolithic""}, {""periode"": ""Natufian""}]","[{""typochronological_unit"": ""Epipalaeolithic""}, {""typochronological_unit"": ""Natufian""}]","[{""ecochronological_unit"": ""Epipalaeolithic""}, {""ecochronological_unit"": ""Natufian""}]","[{""reference"": ""Stuckenrath 1963, Burleigh 1981, Weinstein 1984, Schyle 1996""}, {""reference"": ""CalPal2022""}]",13097.5,107.0,True,False,False
44775,nd-173,11150.0,400.0,,,0.0,,,bone,,,,Kebara,IL,32.56,34.93,,"[{""periode"": ""Epipalaeolithic""}, {""periode"": ""Natufian""}]","[{""typochronological_unit"": ""Epipalaeolithic""}, {""typochronological_unit"": ""Natufian""}]","[{""ecochronological_unit"": ""Epipalaeolithic""}, {""ecochronological_unit"": ""Natufian""}]","[{""reference"": ""CalPal2022""}]",13092.5,400.0,True,False,False
44796,Pta-3371,10530.0,100.0,,,0.0,,,charcoal,,,settlement,Maaleh Ramon East,IL,30.56,34.68,settlement,"[{""periode"": ""Epipalaeolithic""}, {""periode"": ""Harifian""}]","[{""typochronological_unit"": ""Epipalaeolithic""}, {""typochronological_unit"": ""Harifian""}]","[{""ecochronological_unit"": ""Epipalaeolithic""}, {""ecochronological_unit"": ""Harifian""}]","[{""reference"": ""CalPal2022""}]",12552.5,208.33333333333334,True,False,False
44797,Pta-3483,10430.0,80.0,,,0.0,,,charcoal,,,settlement,Maaleh Ramon East,IL,30.56,34.68,settlement,"[{""periode"": ""Epipalaeolithic""}, {""periode"": ""Harifian""}]","[{""typochronological_unit"": ""Epipalaeolithic""}, {""typochronological_unit"": ""Harifian""}]","[{""ecochronological_unit"": ""Epipalaeolithic""}, {""ecochronological_unit"": ""Harifian""}]","[{""reference"": ""CalPal2022""}]",12337.5,366.66666666666663,True,False,False
44798,Pta-3687,10400.0,100.0,,,0.0,,,charcoal,,,settlement,Maaleh Ramon West,IL,30.56,34.71,settlement,"[{""periode"": ""Epipalaeolithic""}, {""periode"": ""Harifian""}]","[{""typochronological_unit"": ""Epipalaeolithic""}, {""typochronological_unit"": ""Harifian""}]","[{""ecochronological_unit"": ""Epipalaeolithic""}, {""ecochronological_unit"": ""Harifian""}]","[{""reference"": ""CalPal2022""}]",12290.0,600.0,True,False,False
44799,RT-1068N,10000.0,200.0,,,0.0,,,charcoal,,,settlement,Maaleh Ramon West,IL,30.56,34.71,settlement,"[{""periode"": ""Epipalaeolithic""}, {""periode"": ""Harifian""}]","[{""typochronological_unit"": ""Epipalaeolithic""}, {""typochronological_unit"": ""Harifian""}]","[{""ecochronological_unit"": ""Epipalaeolithic""}, {""ecochronological_unit"": ""Harifian""}]","[{""reference"": ""Goring-Morris 1991, 212""}, {""reference"": ""CalPal2022""}]",11477.5,850.0,True,False,False
44803,Ly-1660,11590.0,540.0,,,0.0,,,charcoal,,,abri/grotte,Mallaha,IL,33.0828,35.5736,abri/grotte,"[{""periode"": ""Epipalaeolithic""}, {""periode"": ""Natufian""}]","[{""typochronological_unit"": ""Epipalaeolithic""}, {""typochronological_unit"": ""Natufian""}]","[{""ecochronological_unit"": ""Epipalaeolithic""}, {""ecochronological_unit"": ""Natufian""}]","[{""reference"": ""Davis and Valla 1978, Bar-Yosef and Valla 1979, Weinstein 1984, Schyle 1996""}, {""reference"": ""CalPal2022""}]",13467.5,540.0,True,False,False
44804,Ly-1661,11740.0,570.0,,,0.0,,,charcoal,,,abri/grotte,Mallaha,IL,33.0828,35.5736,abri/grotte,"[{""periode"": ""Epipalaeolithic""}, {""periode"": ""Natufian""}]","[{""typochronological_unit"": ""Epipalaeolithic""}, {""typochronological_unit"": ""Natufian""}]","[{""ecochronological_unit"": ""Epipalaeolithic""}, {""ecochronological_unit"": ""Natufian""}]","[{""reference"": ""Bar-Yosef and Valla 1978, Weinstein 1984, Schyle 1996""}, {""reference"": ""CalPal2022""}]",13557.5,712.5,True,False,False
44805,Ly-1662,11310.0,880.0,,,0.0,,,charcoal,,,abri/grotte,Mallaha,IL,33.0828,35.5736,abri/grotte,"[{""periode"": ""Epipalaeolithic""}, {""periode"": ""Natufian""}]","[{""typochronological_unit"": ""Epipalaeolithic""}, {""typochronological_unit"": ""Natufian""}]","[{""ecochronological_unit"": ""Epipalaeolithic""}, {""ecochronological_unit"": ""Natufian""}]","[{""reference"": ""Bar-Yosef and Valla 1978, Bar-Yosef and Valla 1979, Weinstein 1984""}, {""reference"": ""CalPal2022""}]",13200.0,880.0,True,False,False
44841,RTD-7449,10460.0,45.0,,,0.0,,,charcoal,Quercus haburensis,,settlement,Nahal Ein Gev II,IL,32.7825,35.6394,settlement,"[{""periode"": ""Epipalaeolithic""}, {""periode"": ""Nafufian""}]","[{""typochronological_unit"": ""Epipalaeolithic""}, {""typochronological_unit"": ""Nafufian""}]","[{""ecochronological_unit"": ""Epipalaeolithic""}, {""ecochronological_unit"": ""Nafufian""}]","[{""reference"": ""Grosman 2016""}, {""reference"": ""CalPal2022""}]",12530.0,82.5,True,False,False
44842,RTD-7450,10340.0,40.0,,,0.0,,,charcoal,Prunus amigdalus,,settlement,Nahal Ein Gev II,IL,32.7825,35.6394,settlement,"[{""periode"": ""Epipalaeolithic""}, {""periode"": ""Nafufian""}]","[{""typochronological_unit"": ""Epipalaeolithic""}, {""typochronological_unit"": ""Nafufian""}]","[{""ecochronological_unit"": ""Epipalaeolithic""}, {""ecochronological_unit"": ""Nafufian""}]","[{""reference"": ""Grosman 2016""}, {""reference"": ""CalPal2022""}]",12217.5,283.3333333333333,True,False,False
44843,RTD-7451,10445.0,45.0,,,0.0,,,charcoal,Tamarix,,settlement,Nahal Ein Gev II,IL,32.7825,35.6394,settlement,"[{""periode"": ""Epipalaeolithic""}, {""periode"": ""Nafufian""}]","[{""typochronological_unit"": ""Epipalaeolithic""}, {""typochronological_unit"": ""Nafufian""}]","[{""ecochronological_unit"": ""Epipalaeolithic""}, {""ecochronological_unit"": ""Nafufian""}]","[{""reference"": ""Grosman 2016""}, {""reference"": ""CalPal2022""}]",12395.0,277.5,True,False,False
44858,BM-764,10046.0,318.0,,,0.0,,,bone,,,cave,Nahal Oren,IL,32.72,34.97,cave,"[{""periode"": ""Epipalaeolithic""}, {""periode"": ""Natufian""}]","[{""typochronological_unit"": ""Epipalaeolithic""}, {""typochronological_unit"": ""Natufian""}]","[{""ecochronological_unit"": ""Epipalaeolithic""}, {""ecochronological_unit"": ""Natufian""}]","[{""reference"": ""Burleigh et al. 1977, Bar-Yosef and Valla 1979, Goring-Morris 1991, Schyle 1996""}, {""reference"": ""CalPal2022""}]",11547.5,1510.5,True,False,False
44861,OxA-396,6650.0,190.0,,,0.0,,,seed/fruit,Triticum monococcum,,cave,Nahal Oren,IL,32.72,34.97,cave,"[{""periode"": ""Epipalaeolithic""}, {""periode"": ""Natufian""}]","[{""typochronological_unit"": ""Epipalaeolithic""}, {""typochronological_unit"": ""Natufian""}]","[{""ecochronological_unit"": ""Epipalaeolithic""}, {""ecochronological_unit"": ""Natufian""}]","[{""reference"": ""Gowlett 1987, Housley 1994, Schyle 1996""}, {""reference"": ""CalPal2022""}]",7540.0,190.0,True,False,False
44928,I-7030,10580.0,140.0,,,0.0,,,bone,,,,Rakefet,IL,32.65,35.08,,"[{""periode"": ""Epipalaeolithic""}, {""periode"": ""Natufian""}]","[{""typochronological_unit"": ""Epipalaeolithic""}, {""typochronological_unit"": ""Natufian""}]","[{""ecochronological_unit"": ""Epipalaeolithic""}, {""ecochronological_unit"": ""Natufian""}]","[{""reference"": ""Saxon 1976, Goring-Morris 1987, Valla 1987b, Schyle 1996""}, {""reference"": ""CalPal2022""}]",12590.0,396.6666666666667,True,False,False
44929,I-7032,10980.0,260.0,,,0.0,,,bone,,,,Rakefet,IL,32.65,35.08,,"[{""periode"": ""Epipalaeolithic""}, {""periode"": ""Natufian""}]","[{""typochronological_unit"": ""Epipalaeolithic""}, {""typochronological_unit"": ""Natufian""}]","[{""ecochronological_unit"": ""Epipalaeolithic""}, {""ecochronological_unit"": ""Natufian""}]","[{""reference"": ""Saxon 1976, Goring-Morris 1987, Valla 1987b, Schyle 1996""}, {""reference"": ""CalPal2022""}]",12872.5,281.66666666666663,True,False,False
44931,Pta-3001,10300.0,100.0,,,0.0,,,charcoal,,,settlement,Ramat Harif G 8,IL,30.53,34.53,settlement,"[{""periode"": ""Epipalaeolithic""}, {""periode"": ""Harifian""}]","[{""typochronological_unit"": ""Epipalaeolithic""}, {""typochronological_unit"": ""Harifian""}]","[{""ecochronological_unit"": ""Epipalaeolithic""}, {""ecochronological_unit"": ""Harifian""}]","[{""reference"": ""Byrd 1994""}, {""reference"": ""CalPal2022""}]",12017.5,241.66666666666669,True,False,False
44932,Pta-3009,10500.0,100.0,,,0.0,,,charcoal,,,settlement,Ramat Harif G 8,IL,30.53,34.53,settlement,"[{""periode"": ""Epipalaeolithic""}, {""periode"": ""Harifian""}]","[{""typochronological_unit"": ""Epipalaeolithic""}, {""typochronological_unit"": ""Harifian""}]","[{""ecochronological_unit"": ""Epipalaeolithic""}, {""ecochronological_unit"": ""Harifian""}]","[{""reference"": ""Byrd 1994""}, {""reference"": ""CalPal2022""}]",12547.5,208.33333333333334,True,False,False
44933,Pta-3284,10380.0,100.0,,,0.0,,,charcoal,,,settlement,Ramat Harif G 8,IL,30.53,34.53,settlement,"[{""periode"": ""Epipalaeolithic""}, {""periode"": ""Harifian""}]","[{""typochronological_unit"": ""Epipalaeolithic""}, {""typochronological_unit"": ""Harifian""}]","[{""ecochronological_unit"": ""Epipalaeolithic""}, {""ecochronological_unit"": ""Harifian""}]","[{""reference"": ""Byrd 1994""}, {""reference"": ""CalPal2022""}]",12285.0,600.0,True,False,False
44934,Pta-3285,10390.0,100.0,,,0.0,,,charcoal,,,settlement,Ramat Harif G 8,IL,30.53,34.53,settlement,"[{""periode"": ""Epipalaeolithic""}, {""periode"": ""Harifian""}]","[{""typochronological_unit"": ""Epipalaeolithic""}, {""typochronological_unit"": ""Harifian""}]","[{""ecochronological_unit"": ""Epipalaeolithic""}, {""ecochronological_unit"": ""Harifian""}]","[{""reference"": ""Byrd 1994""}, {""reference"": ""CalPal2022""}]",12285.0,600.0,True,False,False
44935,Pta-3286,10100.0,100.0,,,0.0,,,charcoal,,,settlement,Ramat Harif G 8,IL,30.53,34.53,settlement,"[{""periode"": ""Epipalaeolithic""}, {""periode"": ""Harifian""}]","[{""typochronological_unit"": ""Epipalaeolithic""}, {""typochronological_unit"": ""Harifian""}]","[{""ecochronological_unit"": ""Epipalaeolithic""}, {""ecochronological_unit"": ""Harifian""}]","[{""reference"": ""Byrd 1994""}, {""reference"": ""CalPal2022""}]",11725.0,266.6666666666667,True,False,False
44936,Pta-3288,10250.0,100.0,,,0.0,,,charcoal,,,settlement,Ramat Harif G 8,IL,30.53,34.53,settlement,"[{""periode"": ""Epipalaeolithic""}, {""periode"": ""Harifian""}]","[{""typochronological_unit"": ""Epipalaeolithic""}, {""typochronological_unit"": ""Harifian""}]","[{""ecochronological_unit"": ""Epipalaeolithic""}, {""ecochronological_unit"": ""Harifian""}]","[{""reference"": ""Byrd 1994""}, {""reference"": ""CalPal2022""}]",11925.0,133.33333333333334,True,False,False
44946,SMU-10,10880.0,280.0,,,0.0,,,charcoal,,,settlement,Rosh Horesha,IL,30.5,34.58,settlement,"[{""periode"": ""Epipalaeolithic""}, {""periode"": ""Natufian""}]","[{""typochronological_unit"": ""Epipalaeolithic""}, {""typochronological_unit"": ""Natufian""}]","[{""ecochronological_unit"": ""Epipalaeolithic""}, {""ecochronological_unit"": ""Natufian""}]","[{""reference"": ""Haynes and Haas 1974, Marks and Larson 1977, Goring-Morris 1991, Schyle 1996""}, {""reference"": ""CalPal2022""}]",12790.0,280.0,True,False,False
44947,SMU-9,10490.0,430.0,,,0.0,,,charcoal,,,settlement,Rosh Horesha,IL,30.5,34.58,settlement,"[{""periode"": ""Epipalaeolithic""}, {""periode"": ""Natufian""}]","[{""typochronological_unit"": ""Epipalaeolithic""}, {""typochronological_unit"": ""Natufian""}]","[{""ecochronological_unit"": ""Epipalaeolithic""}, {""ecochronological_unit"": ""Natufian""}]","[{""reference"": ""Haynes and Haas 1974, Marks and Larson 1977, Weinstein 1984, Schyle 1996""}, {""reference"": ""CalPal2022""}]",12542.5,895.8333333333334,True,False,False
44948,SMU-90,10490.0,430.0,,,0.0,,,charcoal,,,settlement,Rosh Horesha,IL,30.5,34.58,settlement,"[{""periode"": ""Epipalaeolithic""}, {""periode"": ""Natufian""}]","[{""typochronological_unit"": ""Epipalaeolithic""}, {""typochronological_unit"": ""Natufian""}]","[{""ecochronological_unit"": ""Epipalaeolithic""}, {""ecochronological_unit"": ""Natufian""}]","[{""reference"": ""Goring-Morris 1991""}, {""reference"": ""CalPal2022""}]",12542.5,895.8333333333334,True,False,False
44950,OxA-2136,10930.0,130.0,,,0.0,,,charcoal,,,settlement,Saflulim,IL,30.5,34.58,settlement,"[{""periode"": ""Epipalaeolithic""}, {""periode"": ""Natufian""}]","[{""typochronological_unit"": ""Epipalaeolithic""}, {""typochronological_unit"": ""Natufian""}]","[{""ecochronological_unit"": ""Epipalaeolithic""}, {""ecochronological_unit"": ""Natufian""}]","[{""reference"": ""Goring-Morris 1991, Housley 1994""}, {""reference"": ""CalPal2022""}]",12802.5,140.83333333333331,True,False,False
44951,OxA-2869,11150.0,100.0,,,-24.7,,,charcoal,,,settlement,Saflulim,IL,30.5,34.58,settlement,"[{""periode"": ""Epipalaeolithic""}, {""periode"": ""Natufian""}]","[{""typochronological_unit"": ""Epipalaeolithic""}, {""typochronological_unit"": ""Natufian""}]","[{""ecochronological_unit"": ""Epipalaeolithic""}, {""ecochronological_unit"": ""Natufian""}]","[{""reference"": ""Housley 1994""}, {""reference"": ""CalPal2022""}]",13092.5,100.0,True,False,False
44952,RT-505A,11530.0,1550.0,,,0.0,,,charcoal,,,,Salibiya 1,IL,31.99,35.42,,"[{""periode"": ""Epipalaeolithic""}, {""periode"": ""Natufian""}]","[{""typochronological_unit"": ""Epipalaeolithic""}, {""typochronological_unit"": ""Natufian""}]","[{""ecochronological_unit"": ""Epipalaeolithic""}, {""ecochronological_unit"": ""Natufian""}]","[{""reference"": ""Valla 1987b, Goring-Morris 1991""}, {""reference"": ""CalPal2022""}]",13400.0,2583.333333333333,True,False,False
44960,RT-1073,8700.0,200.0,,,0.0,,,,,,settlement,Sekher 23,IL,31.1,34.79,settlement,"[{""periode"": ""Epipalaeolithic""}, {""periode"": ""Mushabian""}]","[{""typochronological_unit"": ""Epipalaeolithic""}, {""typochronological_unit"": ""Mushabian""}]","[{""ecochronological_unit"": ""Epipalaeolithic""}, {""ecochronological_unit"": ""Mushabian""}]","[{""reference"": ""Housley 1994, 58""}, {""reference"": ""CalPal2022""}]",9620.0,433.33333333333337,True,False,False
44961,RT-1082N,9460.0,130.0,,,0.0,,,,,,settlement,Sekher 6,IL,31.07,34.82,settlement,"[{""periode"": ""Epipalaeolithic""}, {""periode"": ""Natufian""}]","[{""typochronological_unit"": ""Epipalaeolithic""}, {""typochronological_unit"": ""Natufian""}]","[{""ecochronological_unit"": ""Epipalaeolithic""}, {""ecochronological_unit"": ""Natufian""}]","[{""reference"": ""Goring-Morris 1991""}, {""reference"": ""CalPal2022""}]",10695.0,130.0,True,False,False
45023,OxA-2140,6740.0,100.0,,,0.0,,,charcoal,,,,Shluhat Qeren 2,IL,30.93,34.43,,"[{""periode"": ""Epipalaeolithic""}, {""periode"": ""Mushabian""}]","[{""typochronological_unit"": ""Epipalaeolithic""}, {""typochronological_unit"": ""Mushabian""}]","[{""ecochronological_unit"": ""Epipalaeolithic""}, {""ecochronological_unit"": ""Mushabian""}]","[{""reference"": ""Housley 1994, 58""}, {""reference"": ""CalPal2022""}]",7595.0,100.0,True,False,False
45027,Pta-3002,6860.0,250.0,,,0.0,,,charcoal,,,camp site,Shunera 2,IL,30.95,34.6,camp site,"[{""periode"": ""Epipalaeolithic""}, {""periode"": ""Mushabian""}]","[{""typochronological_unit"": ""Epipalaeolithic""}, {""typochronological_unit"": ""Mushabian""}]","[{""ecochronological_unit"": ""Epipalaeolithic""}, {""ecochronological_unit"": ""Mushabian""}]","[{""reference"": ""CalPal2022""}]",7680.0,250.00000000000003,True,False,False
45029,Pta-3003,11000.0,140.0,,,0.0,,,charcoal,,,camp site,Shunera 4,IL,30.95,34.6,camp site,"[{""periode"": ""Epipalaeolithic""}, {""periode"": ""Mushabian""}]","[{""typochronological_unit"": ""Epipalaeolithic""}, {""typochronological_unit"": ""Mushabian""}]","[{""ecochronological_unit"": ""Epipalaeolithic""}, {""ecochronological_unit"": ""Mushabian""}]","[{""reference"": ""PPND, Hours 1994""}, {""reference"": ""CalPal2022""}]",12882.5,175.0,True,False,False
45030,Pta-3690,11700.0,140.0,,,0.0,,,charcoal,,,camp site,Shunera 4,IL,30.95,34.6,camp site,"[{""periode"": ""Epipalaeolithic""}, {""periode"": ""Mushabian""}]","[{""typochronological_unit"": ""Epipalaeolithic""}, {""typochronological_unit"": ""Mushabian""}]","[{""ecochronological_unit"": ""Epipalaeolithic""}, {""ecochronological_unit"": ""Mushabian""}]","[{""reference"": ""PPND, Hours 1994""}, {""reference"": ""CalPal2022""}]",13545.0,186.66666666666669,True,False,False
45031,nd-43,9500.0,130.0,,,0.0,,,,,,camp site,Shunera 6,IL,30.95,34.6,camp site,"[{""periode"": ""EP""}, {""periode"": ""Harifian""}]","[{""typochronological_unit"": ""EP""}, {""typochronological_unit"": ""Harifian""}]","[{""ecochronological_unit"": ""EP""}, {""ecochronological_unit"": ""Harifian""}]","[{""reference"": ""Goring-Morris 1991, 212""}, {""reference"": ""CalPal2022""}]",10847.5,617.5,True,False,False
46926,AA-1461,8390.0,390.0,,,0.0,,,charcoal,,,Southern Jordan,Beidha,JO,30.3708,35.4478,Southern Jordan,"[{""periode"": ""Epipalaeolithic""}, {""periode"": ""Natufian""}]","[{""typochronological_unit"": ""Epipalaeolithic""}, {""typochronological_unit"": ""Natufian""}]","[{""ecochronological_unit"": ""Epipalaeolithic""}, {""ecochronological_unit"": ""Natufian""}]","[{""reference"": ""Byrd 1988a, Byrd 1989b, Byrd 1994, Schyle 1996""}, {""reference"": ""CalPal2022""}]",9445.0,390.0,True,False,False
46927,AA-1462,10910.0,520.0,,,0.0,,,charcoal,,,Southern Jordan,Beidha,JO,30.3708,35.4478,Southern Jordan,"[{""periode"": ""Epipalaeolithic""}, {""periode"": ""Natufian""}]","[{""typochronological_unit"": ""Epipalaeolithic""}, {""typochronological_unit"": ""Natufian""}]","[{""ecochronological_unit"": ""Epipalaeolithic""}, {""ecochronological_unit"": ""Natufian""}]","[{""reference"": ""Byrd 1988a, Byrd 1989b, Byrd 1994, Schyle 1996""}, {""reference"": ""CalPal2022""}]",12797.5,563.3333333333333,True,False,False
46993,SMU-905,11985.0,109.0,,,0.0,,,,,,,G. Mishraq J 504,JO,30.03,35.36,,"[{""periode"": ""Epipalaeolithic""}, {""periode"": ""Geom. Kebaran""}]","[{""typochronological_unit"": ""Epipalaeolithic""}, {""typochronological_unit"": ""Geom. Kebaran""}]","[{""ecochronological_unit"": ""Epipalaeolithic""}, {""ecochronological_unit"": ""Geom. Kebaran""}]","[{""reference"": ""CalPal2022""}]",13892.5,336.0833333333333,True,False,False
47050,OxA-393,11920.0,150.0,,,0.0,,,seed/fruit,,,plein air,Hammeh 27,JO,32.45,35.62,plein air,"[{""periode"": ""Epipalaeolithic""}, {""periode"": ""Natufian""}]","[{""typochronological_unit"": ""Epipalaeolithic""}, {""typochronological_unit"": ""Natufian""}]","[{""ecochronological_unit"": ""Epipalaeolithic""}, {""ecochronological_unit"": ""Natufian""}]","[{""reference"": ""Edwards 1984, Gowlett and Hedges 1987, Valla 1987b, Edwards et al. 1988, Housley 1994, Schyle 1996""}, {""reference"": ""CalPal2022""}]",13785.0,150.0,True,False,False
47051,OxA-394,12200.0,160.0,,,0.0,,,seed/fruit,,,plein air,Hammeh 27,JO,32.45,35.62,plein air,"[{""periode"": ""Epipalaeolithic""}, {""periode"": ""Natufian""}]","[{""typochronological_unit"": ""Epipalaeolithic""}, {""typochronological_unit"": ""Natufian""}]","[{""ecochronological_unit"": ""Epipalaeolithic""}, {""ecochronological_unit"": ""Natufian""}]","[{""reference"": ""PPND, Edwards 1988""}, {""reference"": ""CalPal2022""}]",14085.0,160.0,True,False,False
47052,OxA-507,11950.0,160.0,,,0.0,,,seed/fruit,,,plein air,Hammeh 27,JO,32.45,35.62,plein air,"[{""periode"": ""Epipalaeolithic""}, {""periode"": ""Natufian""}]","[{""typochronological_unit"": ""Epipalaeolithic""}, {""typochronological_unit"": ""Natufian""}]","[{""ecochronological_unit"": ""Epipalaeolithic""}, {""ecochronological_unit"": ""Natufian""}]","[{""reference"": ""Gowlett and Hedges 1987, Valla 1987b, Edwards et al. 1988, Housley 1994, Schyle 1996""}, {""reference"": ""CalPal2022""}]",13797.5,160.0,True,False,False
47078,GX-17077,11145.0,120.0,,,0.0,,,charcoal,,,,Iraq ed-Dubb,JO,32.3908,35.7158,,"[{""periode"": ""Epipalaeolithic""}, {""periode"": ""Natufian""}]","[{""typochronological_unit"": ""Epipalaeolithic""}, {""typochronological_unit"": ""Natufian""}]","[{""ecochronological_unit"": ""Epipalaeolithic""}, {""ecochronological_unit"": ""Natufian""}]","[{""reference"": ""Kuijt 1994""}, {""reference"": ""CalPal2022""}]",13092.5,120.0,True,False,False
47079,GX-17398,11175.0,400.0,,,0.0,,,charcoal,,,,Iraq ed-Dubb,JO,32.3908,35.7158,,"[{""periode"": ""Epipalaeolithic""}, {""periode"": ""Natufian""}]","[{""typochronological_unit"": ""Epipalaeolithic""}, {""typochronological_unit"": ""Natufian""}]","[{""ecochronological_unit"": ""Epipalaeolithic""}, {""ecochronological_unit"": ""Natufian""}]","[{""reference"": ""Kuijt 1994""}, {""reference"": ""CalPal2022""}]",13100.0,400.0,True,False,False
47080,GX-17399,10785.0,285.0,,,0.0,,,charcoal,,,,Iraq ed-Dubb,JO,32.3908,35.7158,,"[{""periode"": ""Epipalaeolithic""}, {""periode"": ""Natufian""}]","[{""typochronological_unit"": ""Epipalaeolithic""}, {""typochronological_unit"": ""Natufian""}]","[{""ecochronological_unit"": ""Epipalaeolithic""}, {""ecochronological_unit"": ""Natufian""}]","[{""reference"": ""Kuijt 1994""}, {""reference"": ""CalPal2022""}]",12740.0,285.0,True,False,False
47088,OxA-1770,11920.0,180.0,,,0.0,,,charcoal,,,,Jilat 22,JO,31.5,36.41,,"[{""periode"": ""Epipalaeolithic""}, {""periode"": ""NonNatMicr""}]","[{""typochronological_unit"": ""Epipalaeolithic""}, {""typochronological_unit"": ""NonNatMicr""}]","[{""ecochronological_unit"": ""Epipalaeolithic""}, {""ecochronological_unit"": ""NonNatMicr""}]","[{""reference"": ""CalPal2022""}]",13785.0,180.0,True,False,False
47094,OxA-522,11740.0,80.0,,,0.0,,,charcoal,,,,Jilat 6,JO,31.5,36.41,,"[{""periode"": ""Epipalaeolithic""}]","[{""typochronological_unit"": ""Epipalaeolithic""}]","[{""ecochronological_unit"": ""Epipalaeolithic""}]","[{""reference"": ""Gowlett et al. 1986, 218""}, {""reference"": ""CalPal2022""}]",13557.5,100.0,True,False,False
47095,OxA-523,11450.0,200.0,,,0.0,,,bone,,,,Jilat 6,JO,31.5,36.41,,"[{""periode"": ""Epipalaeolithic""}]","[{""typochronological_unit"": ""Epipalaeolithic""}]","[{""ecochronological_unit"": ""Epipalaeolithic""}]","[{""reference"": ""Gowlett et al. 1986, 218""}, {""reference"": ""CalPal2022""}]",13320.0,200.0,True,False,False
47096,OxA-539,7980.0,150.0,,,0.0,,,charcoal,,,,Jilat 6,JO,31.5,36.41,,"[{""periode"": ""Epipalaeolithic""}]","[{""typochronological_unit"": ""Epipalaeolithic""}]","[{""ecochronological_unit"": ""Epipalaeolithic""}]","[{""reference"": ""Gowlett et al. 1986, 218""}, {""reference"": ""CalPal2022""}]",8880.0,525.0,True,False,False
47101,OxA-636,10540.0,160.0,,,0.0,,,bone,,,,Jilat 8,JO,31.5,36.41,,"[{""periode"": ""Epipalaeolithic""}]","[{""typochronological_unit"": ""Epipalaeolithic""}]","[{""ecochronological_unit"": ""Epipalaeolithic""}]","[{""reference"": ""CalPal2022""}]",12555.0,320.0,True,False,False
47102,Q-3072,9840.0,120.0,,,0.0,,,bone,,,,Kharaneh 4,JO,31.73,36.45,,"[{""periode"": ""Epipalaeolithic""}, {""periode"": ""Geom. Kebaran""}]","[{""typochronological_unit"": ""Epipalaeolithic""}, {""typochronological_unit"": ""Geom. Kebaran""}]","[{""ecochronological_unit"": ""Epipalaeolithic""}, {""ecochronological_unit"": ""Geom. Kebaran""}]","[{""reference"": ""CalPal2022""}]",11240.0,120.0,True,False,False
47103,Q-3073,10620.0,125.0,,,0.0,,,bone,,,,Kharaneh 4,JO,31.73,36.45,,"[{""periode"": ""Epipalaeolithic""}, {""periode"": ""Geom. Kebaran""}]","[{""typochronological_unit"": ""Epipalaeolithic""}, {""typochronological_unit"": ""Geom. Kebaran""}]","[{""ecochronological_unit"": ""Epipalaeolithic""}, {""ecochronological_unit"": ""Geom. Kebaran""}]","[{""reference"": ""CalPal2022""}]",12657.5,135.41666666666669,True,False,False
47211,TO-987,11170.0,100.0,,,0.0,,,bone,Gazella,,settlement,Tabaqat al-Buma,JO,32.53,35.71,settlement,"[{""periode"": ""Epipalaeolithic""}, {""periode"": ""Kebaran""}]","[{""typochronological_unit"": ""Epipalaeolithic""}, {""typochronological_unit"": ""Kebaran""}]","[{""ecochronological_unit"": ""Epipalaeolithic""}, {""ecochronological_unit"": ""Kebaran""}]","[{""reference"": ""CalPal2022""}]",13097.5,100.0,True,False,False
47312,ANU-9404,9200.0,350.0,,,0.0,,,bone apatit,,,open air site,Wadi Hisban 5,JO,31.82,35.7,open air site,"[{""periode"": ""Epipalaeolithic""}]","[{""typochronological_unit"": ""Epipalaeolithic""}]","[{""ecochronological_unit"": ""Epipalaeolithic""}]","[{""reference"": ""Garrard and Byrd 2013""}, {""reference"": ""CalPal2022""}]",10367.5,1254.1666666666665,True,False,False
47313,Wk-7007,9196.0,77.0,,,0.0,,,charcoal,,,open air site,Wadi Hisban 5,JO,31.82,35.7,open air site,"[{""periode"": ""Epipalaeolithic""}]","[{""typochronological_unit"": ""Epipalaeolithic""}]","[{""ecochronological_unit"": ""Epipalaeolithic""}]","[{""reference"": ""Garrard and Byrd 2013""}, {""reference"": ""CalPal2022""}]",10365.0,282.33333333333337,True,False,False
47324,Beta-57898,9010.0,100.0,,,0.0,,,soil,,,,WHS 1065,JO,30.87,35.92,,"[{""periode"": ""Epipalaeolithic""}, {""periode"": ""Nizzanan""}]","[{""typochronological_unit"": ""Epipalaeolithic""}, {""typochronological_unit"": ""Nizzanan""}]","[{""ecochronological_unit"": ""Epipalaeolithic""}, {""ecochronological_unit"": ""Nizzanan""}]","[{""reference"": ""Goring-Morris and Cohern 2005""}, {""reference"": ""CalPal2022""}]",10207.5,100.0,True,False,False
47325,Beta-57899,11280.0,290.0,,,0.0,,,soil,,,,WHS 1065,JO,30.87,35.92,,"[{""periode"": ""Epipalaeolithic""}, {""periode"": ""Nizzanan""}]","[{""typochronological_unit"": ""Epipalaeolithic""}, {""typochronological_unit"": ""Nizzanan""}]","[{""ecochronological_unit"": ""Epipalaeolithic""}, {""ecochronological_unit"": ""Nizzanan""}]","[{""reference"": ""Goring-Morris and Cohern 2005""}, {""reference"": ""CalPal2022""}]",13147.5,290.0,True,False,False
60953,BM-1121,10792.0,82.0,,,0.0,,,charcoal,,,settlement,Abu Hureyra,SY,35.87,38.4,settlement,"[{""periode"": ""Epipalaeolithic""}, {""periode"": ""Natufian""}]","[{""typochronological_unit"": ""Epipalaeolithic""}, {""typochronological_unit"": ""Natufian""}]","[{""ecochronological_unit"": ""Epipalaeolithic""}, {""ecochronological_unit"": ""Natufian""}]","[{""reference"": ""Burleigh et al. 1982a, Moore et al. 1986, Goring-Morris 1991, Schyle 1996""}, {""reference"": ""CalPal2022""}]",12740.0,82.0,True,False,False
60958,BM-1718R,11140.0,110.0,,,-27.5,,,charcoal,,,settlement,Abu Hureyra,SY,35.87,38.4,settlement,"[{""periode"": ""Epipalaeolithic""}, {""periode"": ""Natufian""}]","[{""typochronological_unit"": ""Epipalaeolithic""}, {""typochronological_unit"": ""Natufian""}]","[{""ecochronological_unit"": ""Epipalaeolithic""}, {""ecochronological_unit"": ""Natufian""}]","[{""reference"": ""Burleigh et al. 1982b, Moore et al. 1986, Goring-Morris 1991, Schyle 1996, Henry (ed.) 1998b""}, {""reference"": ""CalPal2022""}]",13090.0,110.0,True,False,False
60959,BM-1719R,9100.0,100.0,,,-27.0,,,charcoal,,,settlement,Abu Hureyra,SY,35.87,38.4,settlement,"[{""periode"": ""Epipalaeolithic""}, {""periode"": ""Natufian""}]","[{""typochronological_unit"": ""Epipalaeolithic""}, {""typochronological_unit"": ""Natufian""}]","[{""ecochronological_unit"": ""Epipalaeolithic""}, {""ecochronological_unit"": ""Natufian""}]","[{""reference"": ""Burleigh et al. 1982b, Moore et al. 1986, Goring-Morris 1991, Schyle 1996, Brami 2011""}, {""reference"": ""CalPal2022""}]",10240.0,100.0,True,False,False
60962,BM-1723R,10820.0,510.0,,,-25.7,,,charcoal,,,settlement,Abu Hureyra,SY,35.87,38.4,settlement,"[{""periode"": ""Epipalaeolithic""}, {""periode"": ""Natufian""}]","[{""typochronological_unit"": ""Epipalaeolithic""}, {""typochronological_unit"": ""Natufian""}]","[{""ecochronological_unit"": ""Epipalaeolithic""}, {""ecochronological_unit"": ""Natufian""}]","[{""reference"": ""Burleigh et al. 1982b, Moore et al. 1986, Goring-Morris 1991, Brami 2011""}, {""reference"": ""CalPal2022""}]",12750.0,510.0,True,False,False
60968,OxA-170,10600.0,200.0,,,0.0,,,seed/fruit,Triticum monococcum,,settlement,Abu Hureyra,SY,35.87,38.4,settlement,"[{""periode"": ""Epipalaeolithic""}, {""periode"": ""Natufian""}]","[{""typochronological_unit"": ""Epipalaeolithic""}, {""typochronological_unit"": ""Natufian""}]","[{""ecochronological_unit"": ""Epipalaeolithic""}, {""ecochronological_unit"": ""Natufian""}]","[{""reference"": ""Goring-Morris 1977, Moore et al. 1986, Gowlett and Hedges 1987, Housley 1994, Schyle 1996""}, {""reference"": ""CalPal2022""}]",12650.0,200.0,True,False,False
60969,OxA-171,10600.0,200.0,,,0.0,,,seed/fruit,Triticum monococcum,,settlement,Abu Hureyra,SY,35.87,38.4,settlement,"[{""periode"": ""Epipalaeolithic""}, {""periode"": ""Natufian""}]","[{""typochronological_unit"": ""Epipalaeolithic""}, {""typochronological_unit"": ""Natufian""}]","[{""ecochronological_unit"": ""Epipalaeolithic""}, {""ecochronological_unit"": ""Natufian""}]","[{""reference"": ""Moore et al. 1986, Gowlett and Hedges 1987, Goring-Morris 1991, Housley 1994, Schyle 1996""}, {""reference"": ""CalPal2022""}]",12650.0,200.0,True,False,False
60970,OxA-172,10900.0,200.0,,,0.0,,,seed/fruit,Triticum monococcum,,settlement,Abu Hureyra,SY,35.87,38.4,settlement,"[{""periode"": ""Epipalaeolithic""}, {""periode"": ""Natufian""}]","[{""typochronological_unit"": ""Epipalaeolithic""}, {""typochronological_unit"": ""Natufian""}]","[{""ecochronological_unit"": ""Epipalaeolithic""}, {""ecochronological_unit"": ""Natufian""}]","[{""reference"": ""Moore et al. 1986, Gowlett and Hedges 1987, Goring-Morris 1991, Housley 1994, Schyle 1996""}, {""reference"": ""CalPal2022""}]",12795.0,233.33333333333334,True,False,False
60980,OxA-386,10800.0,160.0,,,0.0,,,seed/fruit,Triticum monococcum,,settlement,Abu Hureyra,SY,35.87,38.4,settlement,"[{""periode"": ""Epipalaeolithic""}, {""periode"": ""Natufian""}]","[{""typochronological_unit"": ""Epipalaeolithic""}, {""typochronological_unit"": ""Natufian""}]","[{""ecochronological_unit"": ""Epipalaeolithic""}, {""ecochronological_unit"": ""Natufian""}]","[{""reference"": ""Moore et al. 1986, Gowlett and Hedges 1987, Goring-Morris 1991, Housley 1994, Schyle 1996""}, {""reference"": ""CalPal2022""}]",12745.0,160.0,True,False,False
60981,OxA-387,11070.0,160.0,,,0.0,,,bone,bos wild,,settlement,Abu Hureyra,SY,35.87,38.4,settlement,"[{""periode"": ""Epipalaeolithic""}, {""periode"": ""Natufian""}]","[{""typochronological_unit"": ""Epipalaeolithic""}, {""typochronological_unit"": ""Natufian""}]","[{""ecochronological_unit"": ""Epipalaeolithic""}, {""ecochronological_unit"": ""Natufian""}]","[{""reference"": ""Moore et al. 1986, Gowlett and Hedges 1987, Housley 1994, Schyle 1996""}, {""reference"": ""CalPal2022""}]",13005.0,400.0,True,False,False
60982,OxA-397,10420.0,140.0,,,0.0,,,seed/fruit,Triticum monococcum,,settlement,Abu Hureyra,SY,35.87,38.4,settlement,"[{""periode"": ""Epipalaeolithic""}, {""periode"": ""Natufian""}]","[{""typochronological_unit"": ""Epipalaeolithic""}, {""typochronological_unit"": ""Natufian""}]","[{""ecochronological_unit"": ""Epipalaeolithic""}, {""ecochronological_unit"": ""Natufian""}]","[{""reference"": ""Moore et al. 1986, Gowlett and Hedges 1987, Goring-Morris 1991, Housley 1994, Schyle 1996""}, {""reference"": ""CalPal2022""}]",12335.0,653.3333333333334,True,False,False
60983,OxA-406,9300.0,250.0,,,0.0,,,bone,Ovis,,settlement,Abu Hureyra,SY,35.87,38.4,settlement,"[{""periode"": ""Epipalaeolithic""}, {""periode"": ""Natufian""}]","[{""typochronological_unit"": ""Epipalaeolithic""}, {""typochronological_unit"": ""Natufian""}]","[{""ecochronological_unit"": ""Epipalaeolithic""}, {""ecochronological_unit"": ""Natufian""}]","[{""reference"": ""Moore et al. 1986, Gowlett and Hedges 1987, Goring-Morris 1991""}, {""reference"": ""CalPal2022""}]",10500.0,500.00000000000006,True,False,False
60984,OxA-407,10050.0,180.0,,,0.0,,,bone,wild ovis,,settlement,Abu Hureyra,SY,35.87,38.4,settlement,"[{""periode"": ""Epipalaeolithic""}, {""periode"": ""Natufian""}]","[{""typochronological_unit"": ""Epipalaeolithic""}, {""typochronological_unit"": ""Natufian""}]","[{""ecochronological_unit"": ""Epipalaeolithic""}, {""ecochronological_unit"": ""Natufian""}]","[{""reference"": ""CalPal2022""}]",11550.0,870.0,True,False,False
60985,OxA-408,10250.0,160.0,,,0.0,,,bone,wild ovis,,settlement,Abu Hureyra,SY,35.87,38.4,settlement,"[{""periode"": ""Epipalaeolithic""}, {""periode"": ""Natufian""}]","[{""typochronological_unit"": ""Epipalaeolithic""}, {""typochronological_unit"": ""Natufian""}]","[{""ecochronological_unit"": ""Epipalaeolithic""}, {""ecochronological_unit"": ""Natufian""}]","[{""reference"": ""Moore et al. 1986, Gowlett and Hedges 1987, Goring-Morris 1991, Housley 1994, Schyle 1996""}, {""reference"": ""CalPal2022""}]",11925.0,213.33333333333331,True,False,False
60986,OxA-430,11020.0,150.0,,,0.0,,,bone,Gazella,,settlement,Abu Hureyra,SY,35.87,38.4,settlement,"[{""periode"": ""Epipalaeolithic""}, {""periode"": ""Natufian""}]","[{""typochronological_unit"": ""Epipalaeolithic""}, {""typochronological_unit"": ""Natufian""}]","[{""ecochronological_unit"": ""Epipalaeolithic""}, {""ecochronological_unit"": ""Natufian""}]","[{""reference"": ""Moore et al. 1986, Gowlett and Hedges 1987, Goring-Morris 1991, Housley 1994, Schyle 1996""}, {""reference"": ""CalPal2022""}]",12942.5,237.5,True,False,False
60987,OxA-431,10680.0,150.0,,,0.0,,,bone,Gazella,,settlement,Abu Hureyra,SY,35.87,38.4,settlement,"[{""periode"": ""Epipalaeolithic""}, {""periode"": ""Natufian""}]","[{""typochronological_unit"": ""Epipalaeolithic""}, {""typochronological_unit"": ""Natufian""}]","[{""ecochronological_unit"": ""Epipalaeolithic""}, {""ecochronological_unit"": ""Natufian""}]","[{""reference"": ""Moore et al. 1986, Gowlett and Hedges 1987, Goring-Morris 1991, Housley 1994, Schyle 1996""}, {""reference"": ""CalPal2022""}]",12707.5,150.0,True,False,False
60988,OxA-432,9540.0,170.0,,,0.0,,,bone,Gazella,,settlement,Abu Hureyra,SY,35.87,38.4,settlement,"[{""periode"": ""Epipalaeolithic""}, {""periode"": ""Natufian""}]","[{""typochronological_unit"": ""Epipalaeolithic""}, {""typochronological_unit"": ""Natufian""}]","[{""ecochronological_unit"": ""Epipalaeolithic""}, {""ecochronological_unit"": ""Natufian""}]","[{""reference"": ""Moore et al. 1986, Gowlett and Hedges 1987, Goring-Morris 1991""}, {""reference"": ""CalPal2022""}]",10907.5,892.5,True,False,False
60989,OxA-433,9840.0,200.0,,,0.0,,,bone,,,settlement,Abu Hureyra,SY,35.87,38.4,settlement,"[{""periode"": ""Epipalaeolithic""}, {""periode"": ""Natufian""}]","[{""typochronological_unit"": ""Epipalaeolithic""}, {""typochronological_unit"": ""Natufian""}]","[{""ecochronological_unit"": ""Epipalaeolithic""}, {""ecochronological_unit"": ""Natufian""}]","[{""reference"": ""Gowlett and Hedges 1987, Goring-Morris 1991""}, {""reference"": ""CalPal2022""}]",11240.0,200.0,True,False,False
60990,OxA-434,10490.0,150.0,,,0.0,,,bone,Gazella,,settlement,Abu Hureyra,SY,35.87,38.4,settlement,"[{""periode"": ""Epipalaeolithic""}, {""periode"": ""Natufian""}]","[{""typochronological_unit"": ""Epipalaeolithic""}, {""typochronological_unit"": ""Natufian""}]","[{""ecochronological_unit"": ""Epipalaeolithic""}, {""ecochronological_unit"": ""Natufian""}]","[{""reference"": ""Moore et al. 1986, Gowlett and Hedges 1987, Goring-Morris 1991, Housley 1994, Schyle 1996""}, {""reference"": ""CalPal2022""}]",12542.5,312.5,True,False,False
60991,OxA-435,10450.0,180.0,,,0.0,,,bone,Gazella,,settlement,Abu Hureyra,SY,35.87,38.4,settlement,"[{""periode"": ""Epipalaeolithic""}, {""periode"": ""Natufian""}]","[{""typochronological_unit"": ""Epipalaeolithic""}, {""typochronological_unit"": ""Natufian""}]","[{""ecochronological_unit"": ""Epipalaeolithic""}, {""ecochronological_unit"": ""Natufian""}]","[{""reference"": ""Moore et al. 1986, Gowlett and Hedges 1987, Goring-Morris 1991, Housley 1994, Schyle 1996""}, {""reference"": ""CalPal2022""}]",12430.0,900.0,True,False,False
60993,OxA-468,11090.0,150.0,,,0.0,,,bone,wild bos,,settlement,Abu Hureyra,SY,35.87,38.4,settlement,"[{""periode"": ""Epipalaeolithic""}, {""periode"": ""Natufian""}]","[{""typochronological_unit"": ""Epipalaeolithic""}, {""typochronological_unit"": ""Natufian""}]","[{""ecochronological_unit"": ""Epipalaeolithic""}, {""ecochronological_unit"": ""Natufian""}]","[{""reference"": ""Moore et al. 1986, Gowlett and Hedges 1987, Goring-Morris 1991, Housley 1994, Schyle 1996""}, {""reference"": ""CalPal2022""}]",13045.0,200.0,True,False,False
60994,OxA-469,10920.0,140.0,,,0.0,,,bone,wild bos,,settlement,Abu Hureyra,SY,35.87,38.4,settlement,"[{""periode"": ""Epipalaeolithic""}, {""periode"": ""Natufian""}]","[{""typochronological_unit"": ""Epipalaeolithic""}, {""typochronological_unit"": ""Natufian""}]","[{""ecochronological_unit"": ""Epipalaeolithic""}, {""ecochronological_unit"": ""Natufian""}]","[{""reference"": ""Moore et al. 1986, Gowlett and Hedges 1987, Goring-Morris 1991, Housley 1994, Schyle 1996""}, {""reference"": ""CalPal2022""}]",12800.0,163.33333333333334,True,False,False
60995,OxA-470,10820.0,160.0,,,0.0,,,bone,wild bos,,settlement,Abu Hureyra,SY,35.87,38.4,settlement,"[{""periode"": ""Epipalaeolithic""}, {""periode"": ""Natufian""}]","[{""typochronological_unit"": ""Epipalaeolithic""}, {""typochronological_unit"": ""Natufian""}]","[{""ecochronological_unit"": ""Epipalaeolithic""}, {""ecochronological_unit"": ""Natufian""}]","[{""reference"": ""Moore et al. 1986, Gowlett and Hedges 1987, Goring-Morris 1991, Schyle 1996""}, {""reference"": ""CalPal2022""}]",12750.0,160.0,True,False,False
60996,OxA-471,10620.0,150.0,,,0.0,,,bone,wild ovis,,settlement,Abu Hureyra,SY,35.87,38.4,settlement,"[{""periode"": ""Epipalaeolithic""}, {""periode"": ""Natufian""}]","[{""typochronological_unit"": ""Epipalaeolithic""}, {""typochronological_unit"": ""Natufian""}]","[{""ecochronological_unit"": ""Epipalaeolithic""}, {""ecochronological_unit"": ""Natufian""}]","[{""reference"": ""Moore et al. 1986, Gowlett and Hedges 1987, Goring-Morris 1991, Housley 1994, Schyle 1996""}, {""reference"": ""CalPal2022""}]",12657.5,162.5,True,False,False
60997,OxA-472,10750.0,170.0,,,0.0,,,bone,wild ovis,,settlement,Abu Hureyra,SY,35.87,38.4,settlement,"[{""periode"": ""Epipalaeolithic""}, {""periode"": ""Natufian""}]","[{""typochronological_unit"": ""Epipalaeolithic""}, {""typochronological_unit"": ""Natufian""}]","[{""ecochronological_unit"": ""Epipalaeolithic""}, {""ecochronological_unit"": ""Natufian""}]","[{""reference"": ""Moore et al. 1986, Gowlett and Hedges 1987, Goring-Morris 1991, Housley 1994, Schyle 1996""}, {""reference"": ""CalPal2022""}]",12732.5,170.0,True,False,False
60998,OxA-473,10000.0,170.0,,,0.0,,,bone,wild ovis,,settlement,Abu Hureyra,SY,35.87,38.4,settlement,"[{""periode"": ""Epipalaeolithic""}, {""periode"": ""Natufian""}]","[{""typochronological_unit"": ""Epipalaeolithic""}, {""typochronological_unit"": ""Natufian""}]","[{""ecochronological_unit"": ""Epipalaeolithic""}, {""ecochronological_unit"": ""Natufian""}]","[{""reference"": ""Moore et al. 1986, Gowlett and Hedges 1987, Goring-Morris 1991, Housley 1994, Schyle 1996""}, {""reference"": ""CalPal2022""}]",11477.5,722.5,True,False,False
60999,OxA-474,10930.0,150.0,,,0.0,,,bone,wild ovis,,settlement,Abu Hureyra,SY,35.87,38.4,settlement,"[{""periode"": ""Epipalaeolithic""}, {""periode"": ""Natufian""}]","[{""typochronological_unit"": ""Epipalaeolithic""}, {""typochronological_unit"": ""Natufian""}]","[{""ecochronological_unit"": ""Epipalaeolithic""}, {""ecochronological_unit"": ""Natufian""}]","[{""reference"": ""Moore et al. 1986, Gowlett and Hedges 1987, Housley 1994, Schyle 1996""}, {""reference"": ""CalPal2022""}]",12802.5,162.5,True,False,False
61000,OxA-475,9060.0,140.0,,,0.0,,,bone,Gazella,,settlement,Abu Hureyra,SY,35.87,38.4,settlement,"[{""periode"": ""Epipalaeolithic""}, {""periode"": ""Natufian""}]","[{""typochronological_unit"": ""Epipalaeolithic""}, {""typochronological_unit"": ""Natufian""}]","[{""ecochronological_unit"": ""Epipalaeolithic""}, {""ecochronological_unit"": ""Natufian""}]","[{""reference"": ""Moore et al. 1986, Gowlett and Hedges 1987, Goring-Morris 1991, Housley 1994, Schyle 1996, brami 2011""}, {""reference"": ""CalPal2022""}]",10227.5,140.0,True,False,False
61001,OxA-476,9600.0,200.0,,,0.0,,,bone,,,settlement,Abu Hureyra,SY,35.87,38.4,settlement,"[{""periode"": ""Epipalaeolithic""}, {""periode"": ""Natufian""}]","[{""typochronological_unit"": ""Epipalaeolithic""}, {""typochronological_unit"": ""Natufian""}]","[{""ecochronological_unit"": ""Epipalaeolithic""}, {""ecochronological_unit"": ""Natufian""}]","[{""reference"": ""Moore et al. 1986, Gowlett and Hedges 1987, Goring-Morris 1991, Housley 1994""}, {""reference"": ""CalPal2022""}]",10942.5,983.3333333333334,True,False,False
61015,OxA-883,11450.0,300.0,,,0.0,,,seed/fruit,,,settlement,Abu Hureyra,SY,35.87,38.4,settlement,"[{""periode"": ""Epipalaeolithic""}, {""periode"": ""Natufian""}]","[{""typochronological_unit"": ""Epipalaeolithic""}, {""typochronological_unit"": ""Natufian""}]","[{""ecochronological_unit"": ""Epipalaeolithic""}, {""ecochronological_unit"": ""Natufian""}]","[{""reference"": ""Moore et al. 1986, Gowlett and Hedges 1987, Goring-Morris 1991, Housley 1994""}, {""reference"": ""CalPal2022""}]",13320.0,300.0,True,False,False
61088,KIA-11576,10470.0,121.0,,,0.0,,,charcoal,,,cave,Baaz,SY,33.81,36.51,cave,"[{""periode"": ""Epipalaeolithic""}, {""periode"": ""Natufian""}]","[{""typochronological_unit"": ""Epipalaeolithic""}, {""typochronological_unit"": ""Natufian""}]","[{""ecochronological_unit"": ""Epipalaeolithic""}, {""ecochronological_unit"": ""Natufian""}]","[{""reference"": ""Conard 2002""}, {""reference"": ""CalPal2022""}]",12532.5,231.91666666666666,True,False,False
61089,KIA-11577,10942.0,65.0,,,0.0,,,charcoal,,,cave,Baaz,SY,33.81,36.51,cave,"[{""periode"": ""Epipalaeolithic""}, {""periode"": ""Natufian""}]","[{""typochronological_unit"": ""Epipalaeolithic""}, {""typochronological_unit"": ""Natufian""}]","[{""ecochronological_unit"": ""Epipalaeolithic""}, {""ecochronological_unit"": ""Natufian""}]","[{""reference"": ""Conard 2002""}, {""reference"": ""CalPal2022""}]",12827.5,113.74999999999999,True,False,False
61090,KIA-11578,10667.0,97.0,,,0.0,,,charcoal,,,cave,Baaz,SY,33.81,36.51,cave,"[{""periode"": ""Epipalaeolithic""}, {""periode"": ""Natufian""}]","[{""typochronological_unit"": ""Epipalaeolithic""}, {""typochronological_unit"": ""Natufian""}]","[{""ecochronological_unit"": ""Epipalaeolithic""}, {""ecochronological_unit"": ""Natufian""}]","[{""reference"": ""Conard 2002""}, {""reference"": ""CalPal2022""}]",12705.0,97.0,True,False,False
61229,Beta-90616,10770.0,160.0,,,0.0,,,charcoal,,,,Halula,SY,36.42,38.18,,"[{""periode"": ""Epipalaeolithic ?""}]","[{""typochronological_unit"": ""Epipalaeolithic ?""}]","[{""ecochronological_unit"": ""Epipalaeolithic ?""}]","[{""reference"": ""PPND, Moliste 2013""}, {""reference"": ""CalPal2022""}]",12735.0,160.0,True,False,False
61304,Mc-635,10170.0,200.0,,,0.0,,,charcoal,,,Middle Euphrates,Mureybet,SY,36.07,38.1,Middle Euphrates,"[{""periode"": ""Epipalaeolithic""}, {""periode"": ""Natufian""}]","[{""typochronological_unit"": ""Epipalaeolithic""}, {""typochronological_unit"": ""Natufian""}]","[{""ecochronological_unit"": ""Epipalaeolithic""}, {""ecochronological_unit"": ""Natufian""}]","[{""reference"": ""Cauvin, J. 1977, Schyle 1996""}, {""reference"": ""CalPal2022""}]",11815.0,366.6666666666667,True,False,False
61305,Mc-674,10090.0,170.0,,,0.0,,,charcoal,,,Middle Euphrates,Mureybet,SY,36.07,38.1,Middle Euphrates,"[{""periode"": ""Epipalaeolithic""}, {""periode"": ""Natufian""}]","[{""typochronological_unit"": ""Epipalaeolithic""}, {""typochronological_unit"": ""Natufian""}]","[{""ecochronological_unit"": ""Epipalaeolithic""}, {""ecochronological_unit"": ""Natufian""}]","[{""reference"": ""Cauvin, J. 1977, Schyle 1996""}, {""reference"": ""CalPal2022""}]",11657.5,807.5,True,False,False
61306,Mc-675,10350.0,150.0,,,0.0,,,charcoal,,,Middle Euphrates,Mureybet,SY,36.07,38.1,Middle Euphrates,"[{""periode"": ""Epipalaeolithic""}, {""periode"": ""Natufian""}]","[{""typochronological_unit"": ""Epipalaeolithic""}, {""typochronological_unit"": ""Natufian""}]","[{""ecochronological_unit"": ""Epipalaeolithic""}, {""ecochronological_unit"": ""Natufian""}]","[{""reference"": ""Cauvin, J. 1977, Goring-Morris 1991, Schyle 1996""}, {""reference"": ""CalPal2022""}]",12227.5,1112.5,True,False,False
61307,Mc-731,10230.0,170.0,,,0.0,,,charcoal,,,Middle Euphrates,Mureybet,SY,36.07,38.1,Middle Euphrates,"[{""periode"": ""Epipalaeolithic""}, {""periode"": ""Natufian""}]","[{""typochronological_unit"": ""Epipalaeolithic""}, {""typochronological_unit"": ""Natufian""}]","[{""ecochronological_unit"": ""Epipalaeolithic""}, {""ecochronological_unit"": ""Natufian""}]","[{""reference"": ""Cauvin, J. 1977, Goring-Morris 1991, Schyle 1996""}, {""reference"": ""CalPal2022""}]",11887.5,297.5,True,False,False
61308,Mc-732,10230.0,170.0,,,0.0,,,charcoal,,,Middle Euphrates,Mureybet,SY,36.07,38.1,Middle Euphrates,"[{""periode"": ""Epipalaeolithic""}, {""periode"": ""Natufian""}]","[{""typochronological_unit"": ""Epipalaeolithic""}, {""typochronological_unit"": ""Natufian""}]","[{""ecochronological_unit"": ""Epipalaeolithic""}, {""ecochronological_unit"": ""Natufian""}]","[{""reference"": ""Cauvin, J. 1977, Goring-Morris 1991, Schyle 1996""}, {""reference"": ""CalPal2022""}]",11887.5,297.5,True,False,False
61309,Mc-733,10030.0,150.0,,,0.0,,,charcoal,,,Middle Euphrates,Mureybet,SY,36.07,38.1,Middle Euphrates,"[{""periode"": ""Epipalaeolithic""}, {""periode"": ""Natufian""}]","[{""typochronological_unit"": ""Epipalaeolithic""}, {""typochronological_unit"": ""Natufian""}]","[{""ecochronological_unit"": ""Epipalaeolithic""}, {""ecochronological_unit"": ""Natufian""}]","[{""reference"": ""Cauvin, J. 1977, Goring-Morris 1991, Schyle 1996, Banadora""}, {""reference"": ""CalPal2022""}]",11542.5,712.5,True,False,False
61318,P-1216,10092.0,118.0,,,0.0,,,charcoal,,,Middle Euphrates,Mureybet,SY,36.07,38.1,Middle Euphrates,"[{""periode"": ""Epipalaeolithic""}, {""periode"": ""Natufian""}]","[{""typochronological_unit"": ""Epipalaeolithic""}, {""typochronological_unit"": ""Natufian""}]","[{""ecochronological_unit"": ""Epipalaeolithic""}, {""ecochronological_unit"": ""Natufian""}]","[{""reference"": ""Stuckenrath and Lawn 1969, Cauvin, J. 1978a, Moore et al. 1986""}, {""reference"": ""CalPal2022""}]",11657.5,560.5,True,False,False
61887,Gd-11673,10280.0,90.0,,,0.0,,,charcoal,,,settlement,Tell Qaramel,SY,36.3778,37.275,settlement,"[{""periode"": ""Epipalaeolithic""}, {""periode"": ""Proto-Qaramelian""}]","[{""typochronological_unit"": ""Epipalaeolithic""}, {""typochronological_unit"": ""Proto-Qaramelian""}]","[{""ecochronological_unit"": ""Epipalaeolithic""}, {""ecochronological_unit"": ""Proto-Qaramelian""}]","[{""reference"": ""Mazurowski et al. 2009""}, {""reference"": ""CalPal2022""}]",11987.5,142.5,True,False,False
61888,Gd-11741,10680.0,60.0,,,0.0,,,charcoal,,,settlement,Tell Qaramel,SY,36.3778,37.275,settlement,"[{""periode"": ""Epipalaeolithic""}, {""periode"": ""Proto-Qaramelian""}]","[{""typochronological_unit"": ""Epipalaeolithic""}, {""typochronological_unit"": ""Proto-Qaramelian""}]","[{""ecochronological_unit"": ""Epipalaeolithic""}, {""ecochronological_unit"": ""Proto-Qaramelian""}]","[{""reference"": ""Mazurowski et al. 2009""}, {""reference"": ""CalPal2022""}]",12707.5,60.0,True,False,False
61890,Gd-12503,10245.0,95.0,,,0.0,,,charcoal,,,settlement,Tell Qaramel,SY,36.3778,37.275,settlement,"[{""periode"": ""Epipalaeolithic""}, {""periode"": ""Proto-Qaramelian""}]","[{""typochronological_unit"": ""Epipalaeolithic""}, {""typochronological_unit"": ""Proto-Qaramelian""}]","[{""ecochronological_unit"": ""Epipalaeolithic""}, {""ecochronological_unit"": ""Proto-Qaramelian""}]","[{""reference"": ""Mazurowski et al. 2009""}, {""reference"": ""CalPal2022""}]",11915.0,95.0,True,False,False
61892,Gd-12506,10360.0,95.0,,,0.0,,,charcoal,,,settlement,Tell Qaramel,SY,36.3778,37.275,settlement,"[{""periode"": ""Epipalaeolithic""}, {""periode"": ""Proto-Qaramelian""}]","[{""typochronological_unit"": ""Epipalaeolithic""}, {""typochronological_unit"": ""Proto-Qaramelian""}]","[{""ecochronological_unit"": ""Epipalaeolithic""}, {""ecochronological_unit"": ""Proto-Qaramelian""}]","[{""reference"": ""Mazurowski et al. 2009""}, {""reference"": ""CalPal2022""}]",12252.5,641.25,True,False,False
61893,Gd-12510,10015.0,90.0,,,0.0,,,charcoal,,,settlement,Tell Qaramel,SY,36.3778,37.275,settlement,"[{""periode"": ""Epipalaeolithic""}, {""periode"": ""Proto-Qaramelian""}]","[{""typochronological_unit"": ""Epipalaeolithic""}, {""typochronological_unit"": ""Proto-Qaramelian""}]","[{""ecochronological_unit"": ""Epipalaeolithic""}, {""ecochronological_unit"": ""Proto-Qaramelian""}]","[{""reference"": ""Mazurowski et al. 2009""}, {""reference"": ""CalPal2022""}]",11485.0,375.0,True,False,False
61894,Gd-12514,10310.0,130.0,,,0.0,,,charcoal,,,settlement,Tell Qaramel,SY,36.3778,37.275,settlement,"[{""periode"": ""Epipalaeolithic""}, {""periode"": ""Proto-Qaramelian""}]","[{""typochronological_unit"": ""Epipalaeolithic""}, {""typochronological_unit"": ""Proto-Qaramelian""}]","[{""ecochronological_unit"": ""Epipalaeolithic""}, {""ecochronological_unit"": ""Proto-Qaramelian""}]","[{""reference"": ""Mazurowski et al. 2009""}, {""reference"": ""CalPal2022""}]",12182.5,1007.4999999999999,True,False,False
61895,Gd-12515,10510.0,95.0,,,0.0,,,charcoal,,,settlement,Tell Qaramel,SY,36.3778,37.275,settlement,"[{""periode"": ""Epipalaeolithic""}, {""periode"": ""Proto-Qaramelian""}]","[{""typochronological_unit"": ""Epipalaeolithic""}, {""typochronological_unit"": ""Proto-Qaramelian""}]","[{""ecochronological_unit"": ""Epipalaeolithic""}, {""ecochronological_unit"": ""Proto-Qaramelian""}]","[{""reference"": ""Mazurowski et al. 2009""}, {""reference"": ""CalPal2022""}]",12547.5,197.91666666666666,True,False,False
61898,Gd-12639,10250.0,80.0,,,0.0,,,charcoal,,,settlement,Tell Qaramel,SY,36.3778,37.275,settlement,"[{""periode"": ""Epipalaeolithic""}, {""periode"": ""Proto-Qaramelian""}]","[{""typochronological_unit"": ""Epipalaeolithic""}, {""typochronological_unit"": ""Proto-Qaramelian""}]","[{""ecochronological_unit"": ""Epipalaeolithic""}, {""ecochronological_unit"": ""Proto-Qaramelian""}]","[{""reference"": ""Mazurowski et al. 2009""}, {""reference"": ""CalPal2022""}]",11925.0,106.66666666666666,True,False,False
61899,Gd-12649,9830.0,100.0,,,0.0,,,charcoal,,,settlement,Tell Qaramel,SY,36.3778,37.275,settlement,"[{""periode"": ""Epipalaeolithic""}, {""periode"": ""Proto-Qaramelian""}]","[{""typochronological_unit"": ""Epipalaeolithic""}, {""typochronological_unit"": ""Proto-Qaramelian""}]","[{""ecochronological_unit"": ""Epipalaeolithic""}, {""ecochronological_unit"": ""Proto-Qaramelian""}]","[{""reference"": ""Mazurowski et al. 2009""}, {""reference"": ""CalPal2022""}]",11235.0,100.0,True,False,False
61900,Gd-12651,10080.0,90.0,,,0.0,,,charcoal,,,settlement,Tell Qaramel,SY,36.3778,37.275,settlement,"[{""periode"": ""Epipalaeolithic""}, {""periode"": ""Proto-Qaramelian""}]","[{""typochronological_unit"": ""Epipalaeolithic""}, {""typochronological_unit"": ""Proto-Qaramelian""}]","[{""ecochronological_unit"": ""Epipalaeolithic""}, {""ecochronological_unit"": ""Proto-Qaramelian""}]","[{""reference"": ""Mazurowski et al. 2009""}, {""reference"": ""CalPal2022""}]",11627.5,352.5,True,False,False
61904,Gd-12799,10620.0,120.0,,,0.0,,,charcoal,,,settlement,Tell Qaramel,SY,36.3778,37.275,settlement,"[{""periode"": ""Epipalaeolithic""}, {""periode"": ""Proto-Qaramelian""}]","[{""typochronological_unit"": ""Epipalaeolithic""}, {""typochronological_unit"": ""Proto-Qaramelian""}]","[{""ecochronological_unit"": ""Epipalaeolithic""}, {""ecochronological_unit"": ""Proto-Qaramelian""}]","[{""reference"": ""Mazurowski et al. 2009""}, {""reference"": ""CalPal2022""}]",12657.5,130.0,True,False,False
61905,Gd-12802,11420.0,130.0,,,0.0,,,charcoal,,,settlement,Tell Qaramel,SY,36.3778,37.275,settlement,"[{""periode"": ""Epipalaeolithic""}, {""periode"": ""Epipaleolithic""}]","[{""typochronological_unit"": ""Epipalaeolithic""}, {""typochronological_unit"": ""Epipaleolithic""}]","[{""ecochronological_unit"": ""Epipalaeolithic""}, {""ecochronological_unit"": ""Epipaleolithic""}]","[{""reference"": ""Mazurowski et al. 2009""}, {""reference"": ""CalPal2022""}]",13282.5,130.0,True,False,False
61912,Gd-15486,10220.0,140.0,,,0.0,,,charcoal,,,settlement,Tell Qaramel,SY,36.3778,37.275,settlement,"[{""periode"": ""Epipalaeolithic""}, {""periode"": ""Proto-Qaramelian""}]","[{""typochronological_unit"": ""Epipalaeolithic""}, {""typochronological_unit"": ""Proto-Qaramelian""}]","[{""ecochronological_unit"": ""Epipalaeolithic""}, {""ecochronological_unit"": ""Proto-Qaramelian""}]","[{""reference"": ""Mazurowski et al. 2009""}, {""reference"": ""CalPal2022""}]",11882.5,245.00000000000003,True,False,False
61915,Gd-15676,10230.0,120.0,,,0.0,,,charcoal,,,settlement,Tell Qaramel,SY,36.3778,37.275,settlement,"[{""periode"": ""Epipalaeolithic""}, {""periode"": ""Proto-Qaramelian""}]","[{""typochronological_unit"": ""Epipalaeolithic""}, {""typochronological_unit"": ""Proto-Qaramelian""}]","[{""ecochronological_unit"": ""Epipalaeolithic""}, {""ecochronological_unit"": ""Proto-Qaramelian""}]","[{""reference"": ""Mazurowski et al. 2009""}, {""reference"": ""CalPal2022""}]",11887.5,210.0,True,False,False
61916,Gd-15679,10700.0,140.0,,,0.0,,,charcoal,,,settlement,Tell Qaramel,SY,36.3778,37.275,settlement,"[{""periode"": ""Epipalaeolithic""}, {""periode"": ""Proto-Qaramelian""}]","[{""typochronological_unit"": ""Epipalaeolithic""}, {""typochronological_unit"": ""Proto-Qaramelian""}]","[{""ecochronological_unit"": ""Epipalaeolithic""}, {""ecochronological_unit"": ""Proto-Qaramelian""}]","[{""reference"": ""Mazurowski et al. 2009""}, {""reference"": ""CalPal2022""}]",12717.5,140.0,True,False,False
61918,Gd-15681,10280.0,150.0,,,0.0,,,charcoal,,,settlement,Tell Qaramel,SY,36.3778,37.275,settlement,"[{""periode"": ""Epipalaeolithic""}, {""periode"": ""Proto-Qaramelian""}]","[{""typochronological_unit"": ""Epipalaeolithic""}, {""typochronological_unit"": ""Proto-Qaramelian""}]","[{""ecochronological_unit"": ""Epipalaeolithic""}, {""ecochronological_unit"": ""Proto-Qaramelian""}]","[{""reference"": ""Mazurowski et al. 2009""}, {""reference"": ""CalPal2022""}]",11987.5,237.5,True,False,False
61920,Gd-17124,11900.0,610.0,,,0.0,,,charcoal,,,settlement,Tell Qaramel,SY,36.3778,37.275,settlement,"[{""periode"": ""Epipalaeolithic""}]","[{""typochronological_unit"": ""Epipalaeolithic""}]","[{""ecochronological_unit"": ""Epipalaeolithic""}]","[{""reference"": ""Mazurowski et al. 2009""}, {""reference"": ""CalPal2022""}]",13777.5,610.0,True,False,False
61921,Gd-17249,10170.0,280.0,,,0.0,,,charcoal,,,settlement,Tell Qaramel,SY,36.3778,37.275,settlement,"[{""periode"": ""Epipalaeolithic""}, {""periode"": ""Proto-Qaramelian""}]","[{""typochronological_unit"": ""Epipalaeolithic""}, {""typochronological_unit"": ""Proto-Qaramelian""}]","[{""ecochronological_unit"": ""Epipalaeolithic""}, {""ecochronological_unit"": ""Proto-Qaramelian""}]","[{""reference"": ""Mazurowski et al. 2009""}, {""reference"": ""CalPal2022""}]",11815.0,513.3333333333334,True,False,False
61924,Gd-18038,10320.0,440.0,,,0.0,,,charcoal,,,settlement,Tell Qaramel,SY,36.3778,37.275,settlement,"[{""periode"": ""Epipalaeolithic""}, {""periode"": ""Proto-Qaramelian""}]","[{""typochronological_unit"": ""Epipalaeolithic""}, {""typochronological_unit"": ""Proto-Qaramelian""}]","[{""ecochronological_unit"": ""Epipalaeolithic""}, {""ecochronological_unit"": ""Proto-Qaramelian""}]","[{""reference"": ""Mazurowski et al. 2009""}, {""reference"": ""CalPal2022""}]",12197.5,3263.333333333333,True,False,False
63173,Hd-10027,11800.0,330.0,,,0.0,,,bone,,,,Karain B,TR,37.06,30.55,,"[{""periode"": ""Epipalaeolithic""}]","[{""typochronological_unit"": ""Epipalaeolithic""}]","[{""ecochronological_unit"": ""Epipalaeolithic""}]","[{""reference"": ""CalPal2022""}]",13670.0,770.0,True,False,False
63174,Hd-10028/10227,11250.0,200.0,,,0.0,,,bone,,,,Karain B,TR,37.06,30.55,,"[{""periode"": ""Epipalaeolithic""}]","[{""typochronological_unit"": ""Epipalaeolithic""}]","[{""ecochronological_unit"": ""Epipalaeolithic""}]","[{""reference"": ""CalPal2022""}]",13140.0,200.0,True,False,False
63175,Hd-10029/10228,11570.0,400.0,,,0.0,,,bone,,,,Karain B,TR,37.06,30.55,,"[{""periode"": ""Epipalaeolithic""}]","[{""typochronological_unit"": ""Epipalaeolithic""}]","[{""ecochronological_unit"": ""Epipalaeolithic""}]","[{""reference"": ""CalPal2022""}]",13447.5,400.0,True,False,False
63181,Hv-14373,10365.0,515.0,,,0.0,,,charcoal,,,,Karain B,TR,37.06,30.55,,"[{""periode"": ""Epipalaeolithic""}]","[{""typochronological_unit"": ""Epipalaeolithic""}]","[{""ecochronological_unit"": ""Epipalaeolithic""}]","[{""reference"": ""CalPal2022""}]",12257.5,3390.416666666667,True,False,False
63223,ETH-44648,10250.0,60.0,,,-24.4,,,seed/fruit,Secale,,Tell mou,Körtik Tepe,TR,37.8144,40.9838,Tell mou,"[{""periode"": ""Epipalaeolithic""}, {""periode"": ""PPNA""}]","[{""typochronological_unit"": ""Epipalaeolithic""}, {""typochronological_unit"": ""PPNA""}]","[{""ecochronological_unit"": ""Epipalaeolithic""}, {""ecochronological_unit"": ""PPNA""}]","[{""reference"": ""Coşkun 2012""}, {""reference"": ""CalPal2022""}]",11925.0,80.0,True,False,False
63224,ETH-45333,10155.0,50.0,,,-23.7,,,charcoal,,,Tell mou,Körtik Tepe,TR,37.8144,40.9838,Tell mou,"[{""periode"": ""Epipalaeolithic""}, {""periode"": ""PPNA""}]","[{""typochronological_unit"": ""Epipalaeolithic""}, {""typochronological_unit"": ""PPNA""}]","[{""ecochronological_unit"": ""Epipalaeolithic""}, {""ecochronological_unit"": ""PPNA""}]","[{""reference"": ""Coşkun 2012""}, {""reference"": ""CalPal2022""}]",11790.0,58.333333333333336,True,False,False
63225,ETH-45334,10205.0,40.0,,,-27.2,,,charcoal,Populus,,Tell mou,Körtik Tepe,TR,37.8144,40.9838,Tell mou,"[{""periode"": ""Epipalaeolithic""}, {""periode"": ""PPNA""}]","[{""typochronological_unit"": ""Epipalaeolithic""}, {""typochronological_unit"": ""PPNA""}]","[{""ecochronological_unit"": ""Epipalaeolithic""}, {""ecochronological_unit"": ""PPNA""}]","[{""reference"": ""Coşkun 2012""}, {""reference"": ""CalPal2022""}]",11880.0,73.33333333333333,True,False,False
63226,ETH-45335,10330.0,70.0,,,-34.1,,,charcoal,Populus,,Tell mou,Körtik Tepe,TR,37.8144,40.9838,Tell mou,"[{""periode"": ""Epipalaeolithic""}, {""periode"": ""PPNA""}]","[{""typochronological_unit"": ""Epipalaeolithic""}, {""typochronological_unit"": ""PPNA""}]","[{""ecochronological_unit"": ""Epipalaeolithic""}, {""ecochronological_unit"": ""PPNA""}]","[{""reference"": ""Coşkun 2012""}, {""reference"": ""CalPal2022""}]",12212.5,495.83333333333337,True,False,False
63227,ETH-45336,10270.0,95.0,,,-26.1,,,charcoal,,,Tell mou,Körtik Tepe,TR,37.8144,40.9838,Tell mou,"[{""periode"": ""Epipalaeolithic""}, {""periode"": ""PPNA""}]","[{""typochronological_unit"": ""Epipalaeolithic""}, {""typochronological_unit"": ""PPNA""}]","[{""ecochronological_unit"": ""Epipalaeolithic""}, {""ecochronological_unit"": ""PPNA""}]","[{""reference"": ""Coşkun 2012""}, {""reference"": ""CalPal2022""}]",11967.5,95.0,True,False,False
63228,ETH-45340,10030.0,40.0,,,-25.1,,,seed/fruit,Triticum dicotyl,,Tell mou,Körtik Tepe,TR,37.8144,40.9838,Tell mou,"[{""periode"": ""Epipalaeolithic""}, {""periode"": ""PPNA""}]","[{""typochronological_unit"": ""Epipalaeolithic""}, {""typochronological_unit"": ""PPNA""}]","[{""ecochronological_unit"": ""Epipalaeolithic""}, {""ecochronological_unit"": ""PPNA""}]","[{""reference"": ""Coşkun 2012""}, {""reference"": ""CalPal2022""}]",11542.5,190.0,True,False,False
63231,ETH-45344,10090.0,40.0,,,-26.4,,,charcoal,bark,,Tell mou,Körtik Tepe,TR,37.8144,40.9838,Tell mou,"[{""periode"": ""Epipalaeolithic""}, {""periode"": ""PPNA""}]","[{""typochronological_unit"": ""Epipalaeolithic""}, {""typochronological_unit"": ""PPNA""}]","[{""ecochronological_unit"": ""Epipalaeolithic""}, {""ecochronological_unit"": ""PPNA""}]","[{""reference"": ""Coşkun 2012""}, {""reference"": ""CalPal2022""}]",11657.5,190.0,True,False,False
63419,OxA-5499,9050.0,80.0,,,0.0,,,charcoal,,,plein air,Pinarbasi A,TR,37.48,33.03,plein air,"[{""periode"": ""Epipalaeolithic""}, {""periode"": ""Aceramic""}]","[{""typochronological_unit"": ""Epipalaeolithic""}, {""typochronological_unit"": ""Aceramic""}]","[{""ecochronological_unit"": ""Epipalaeolithic""}, {""ecochronological_unit"": ""Aceramic""}]","[{""reference"": ""Watkins 1996, 52""}, {""reference"": ""CalPal2022""}]",10220.0,80.0,True,False,False
63420,OxA-5500,9290.0,80.0,,,0.0,,,charcoal,,,plein air,Pinarbasi A,TR,37.48,33.03,plein air,"[{""periode"": ""Epipalaeolithic""}, {""periode"": ""Aceramic""}]","[{""typochronological_unit"": ""Epipalaeolithic""}, {""typochronological_unit"": ""Aceramic""}]","[{""ecochronological_unit"": ""Epipalaeolithic""}, {""ecochronological_unit"": ""Aceramic""}]","[{""reference"": ""Watkins 1996, 52""}, {""reference"": ""CalPal2022""}]",10495.0,160.0,True,False,False
63421,OxA-5501,9140.0,80.0,,,0.0,,,charcoal,,,plein air,Pinarbasi A,TR,37.48,33.03,plein air,"[{""periode"": ""Epipalaeolithic""}, {""periode"": ""Epi""}]","[{""typochronological_unit"": ""Epipalaeolithic""}, {""typochronological_unit"": ""Epi""}]","[{""ecochronological_unit"": ""Epipalaeolithic""}, {""ecochronological_unit"": ""Epi""}]","[{""reference"": ""Watkins 1996, 52""}, {""reference"": ""CalPal2022""}]",10250.0,80.0,True,False,False
70400,Pta-2730,12900.0,500.0,,,,,,charcoal,,,,Lagama Nord 8,EG,30.8,33.43,,"[{""periode"": ""EP""}, {""periode"": ""Geom. Kebaran""}]","[{""typochronological_unit"": ""EP""}, {""typochronological_unit"": ""Geom. Kebaran""}]","[{""ecochronological_unit"": ""EP""}, {""ecochronological_unit"": ""Geom. Kebaran""}]","[{""reference"": ""Bar-Yosef and Phillips (eds.) 1977, Bar-Yosef and Vogel 1987, Goring-Morris 1987, Schyle 1996""}, {""reference"": ""CONTEXT""}]",15410.0,1166.6666666666667,True,False,False
70401,SMU-117,13310.0,100.0,,,,,,eggshell,ostrich eg,,,Mushabi 1,EG,30.62,33.38,,"[{""periode"": ""EP""}, {""periode"": ""Mushabian""}]","[{""typochronological_unit"": ""EP""}, {""typochronological_unit"": ""Mushabian""}]","[{""ecochronological_unit"": ""EP""}, {""ecochronological_unit"": ""Mushabian""}]","[{""reference"": ""Haas and Haynes 1975, Bar-Yosef and Phillips (eds.) 1977, Haas 1977, Phillips and Mintz 1977, Schyle 1996""}, {""reference"": ""CONTEXT""}]",16000.0,100.0,True,False,False
70402,QC-202,12900.0,235.0,,,,,,charcoal,,,,Mushabi 14,EG,30.62,33.38,,"[{""periode"": ""EP""}, {""periode"": ""Mushabian""}]","[{""typochronological_unit"": ""EP""}, {""typochronological_unit"": ""Mushabian""}]","[{""ecochronological_unit"": ""EP""}, {""ecochronological_unit"": ""Mushabian""}]","[{""reference"": ""Bar-Yosef and Phillips (eds.) 1977, Haas 1977, Bar-Yosef 1981d, Schyle 1996""}, {""reference"": ""CONTEXT""}]",15410.0,548.3333333333333,True,False,False
70403,MC-992,13260.0,200.0,,,,,,charcoal,,,,Mushabi 14,EG,30.62,33.38,,"[{""periode"": ""EP""}, {""periode"": ""Mushabian""}]","[{""typochronological_unit"": ""EP""}, {""typochronological_unit"": ""Mushabian""}]","[{""ecochronological_unit"": ""EP""}, {""ecochronological_unit"": ""Mushabian""}]","[{""reference"": ""Bar-Yosef and Phillips (eds.) 1977, Schyle 1996""}, {""reference"": ""CONTEXT""}]",15925.0,300.0,True,False,False
70405,MC-992D,13690.0,150.0,,,,,,charcoal,,,,Mushabi 14,EG,30.62,33.38,,"[{""periode"": ""EP""}, {""periode"": ""Geom. Kebaran""}]","[{""typochronological_unit"": ""EP""}, {""typochronological_unit"": ""Geom. Kebaran""}]","[{""ecochronological_unit"": ""EP""}, {""ecochronological_unit"": ""Geom. Kebaran""}]","[{""reference"": ""Bar-Yosef and Phillips (eds.) 1977, Haas 1977, Bar-Yosef 1981d, Schyle 1996""}, {""reference"": ""CONTEXT""}]",16555.0,175.0,True,False,False
70406,MC-991,13690.0,150.0,,,,,,charcoal,,,,Mushabi 14,EG,30.62,33.38,,"[{""periode"": ""EP""}, {""periode"": ""Geom. Kebaran""}]","[{""typochronological_unit"": ""EP""}, {""typochronological_unit"": ""Geom. Kebaran""}]","[{""ecochronological_unit"": ""EP""}, {""ecochronological_unit"": ""Geom. Kebaran""}]","[{""reference"": ""Bar-Yosef and Phillips (eds.) 1977""}, {""reference"": ""CONTEXT""}]",16555.0,175.0,True,False,False
70407,QC-201,13750.0,285.0,,,,,,charcoal,,,,Mushabi 14,EG,30.62,33.38,,"[{""periode"": ""EP""}, {""periode"": ""Geom. Kebaran""}]","[{""typochronological_unit"": ""EP""}, {""typochronological_unit"": ""Geom. Kebaran""}]","[{""ecochronological_unit"": ""EP""}, {""ecochronological_unit"": ""Geom. Kebaran""}]","[{""reference"": ""Bar-Yosef and Phillips (eds.) 1977, Haas 1977, Bar-Yosef 1981d, Schyle 1996""}, {""reference"": ""CONTEXT""}]",16640.0,380.0,True,False,False
70408,SMU-225,13800.0,130.0,,,,,,charcoal,,,,Mushabi 14,EG,30.62,33.38,,"[{""periode"": ""EP""}, {""periode"": ""Mushabian""}]","[{""typochronological_unit"": ""EP""}, {""typochronological_unit"": ""Mushabian""}]","[{""ecochronological_unit"": ""EP""}, {""ecochronological_unit"": ""Mushabian""}]","[{""reference"": ""Bar-Yosef and Phillips (eds.) 1977, Haas 1977, Bar-Yosef 1981d, Schyle 1996""}, {""reference"": ""CONTEXT""}]",16740.0,303.3333333333333,True,False,False
70409,RT-473A,13800.0,150.0,,,,,,charcoal,,,,Mushabi 14,EG,30.62,33.38,,"[{""periode"": ""EP""}, {""periode"": ""Mushabian""}]","[{""typochronological_unit"": ""EP""}, {""typochronological_unit"": ""Mushabian""}]","[{""ecochronological_unit"": ""EP""}, {""ecochronological_unit"": ""Mushabian""}]","[{""reference"": ""Bar-Yosef and Phillips (eds.) 1977, Haas 1977, Bar-Yosef 1981d, Schyle 1996""}, {""reference"": ""CONTEXT""}]",16740.0,350.0,True,False,False
70410,RT-447D,13830.0,490.0,,,,,,charcoal,,,,Mushabi 14,EG,30.62,33.38,,"[{""periode"": ""EP""}, {""periode"": ""Geom. Kebaran""}]","[{""typochronological_unit"": ""EP""}, {""typochronological_unit"": ""Geom. Kebaran""}]","[{""ecochronological_unit"": ""EP""}, {""ecochronological_unit"": ""Geom. Kebaran""}]","[{""reference"": ""Bar-Yosef and Phillips (eds.) 1977, Haas 1977, Bar-Yosef 1981d, Schyle 1996""}, {""reference"": ""CONTEXT""}]",16800.0,1306.6666666666665,True,False,False
70411,RT-417,13900.0,400.0,,,,,,charcoal,,,,Mushabi 14,EG,30.62,33.38,,"[{""periode"": ""EP""}, {""periode"": ""Mushabian""}]","[{""typochronological_unit"": ""EP""}, {""typochronological_unit"": ""Mushabian""}]","[{""ecochronological_unit"": ""EP""}, {""ecochronological_unit"": ""Mushabian""}]","[{""reference"": ""Bar-Yosef and Phillips (eds.) 1977, Haas 1977, Bar-Yosef 1981d, Schyle 1996""}, {""reference"": ""CONTEXT""}]",16945.0,466.6666666666667,True,False,False
70412,SMU-226,14330.0,120.0,,,,,,charcoal,,,,Mushabi 14,EG,30.62,33.38,,"[{""periode"": ""EP""}, {""periode"": ""Geom. Kebaran""}]","[{""typochronological_unit"": ""EP""}, {""typochronological_unit"": ""Geom. Kebaran""}]","[{""ecochronological_unit"": ""EP""}, {""ecochronological_unit"": ""Geom. Kebaran""}]","[{""reference"": ""Bar-Yosef and Phillips (eds.) 1977, Haas 1977, Bar-Yosef 1981d, Schyle 1996""}, {""reference"": ""CONTEXT""}]",17400.0,120.0,True,False,False
70413,RT-473B,14500.0,100.0,,,,,,charcoal,,,,Mushabi 14,EG,30.62,33.38,,"[{""periode"": ""EP""}, {""periode"": ""Geom. Kebaran""}]","[{""typochronological_unit"": ""EP""}, {""typochronological_unit"": ""Geom. Kebaran""}]","[{""ecochronological_unit"": ""EP""}, {""ecochronological_unit"": ""Geom. Kebaran""}]","[{""reference"": ""Bar-Yosef and Phillips (eds.) 1977, Haas 1977, Bar-Yosef 1981d, Schyle 1996""}, {""reference"": ""CONTEXT""}]",17775.0,116.66666666666667,True,False,False
70414,RT-447C,13060.0,220.0,,,,,,charcoal,,,,Mushabi 16,EG,30.62,33.38,,"[{""periode"": ""EP""}, {""periode"": ""Geom. Kebaran""}]","[{""typochronological_unit"": ""EP""}, {""typochronological_unit"": ""Geom. Kebaran""}]","[{""ecochronological_unit"": ""EP""}, {""ecochronological_unit"": ""Geom. Kebaran""}]","[{""reference"": ""Bar-Yosef and Phillips (eds.) 1977, Haas 1977, Bar-Yosef 1981d, Schyle 1996""}, {""reference"": ""CONTEXT""}]",15655.0,256.66666666666663,True,False,False
70415,SMU-661,14170.0,480.0,,,,,,charcoal,,,,Mushabi 17,EG,30.62,33.38,,"[{""periode"": ""EP""}, {""periode"": ""Geom. Kebaran""}]","[{""typochronological_unit"": ""EP""}, {""typochronological_unit"": ""Geom. Kebaran""}]","[{""ecochronological_unit"": ""EP""}, {""ecochronological_unit"": ""Geom. Kebaran""}]","[{""reference"": ""Bar-Yosef and Phillips (eds.) 1977, Bar-Yosef 1981d, Goring-Morris 1987, Schyle 1996""}, {""reference"": ""CONTEXT""}]",17220.0,1600.0,True,False,False
70416,SMU-217,13930.0,110.0,,,,,,charcoal,,,,Mushabi 18,EG,30.63,33.42,,"[{""periode"": ""EP""}, {""periode"": ""Geom. Kebaran""}]","[{""typochronological_unit"": ""EP""}, {""typochronological_unit"": ""Geom. Kebaran""}]","[{""ecochronological_unit"": ""EP""}, {""ecochronological_unit"": ""Geom. Kebaran""}]","[{""reference"": ""Bar-Yosef and Phillips (eds.) 1977, Haas 1977, Bar-Yosef 1981d, Schyle 1996""}, {""reference"": ""CONTEXT""}]",16980.0,110.0,True,False,False
70417,Pta-2157,12700.0,90.0,,,,,,charcoal,,,,Mushabi 5,EG,30.62,33.38,,"[{""periode"": ""EP""}, {""periode"": ""Mushabian""}]","[{""typochronological_unit"": ""EP""}, {""typochronological_unit"": ""Mushabian""}]","[{""ecochronological_unit"": ""EP""}, {""ecochronological_unit"": ""Mushabian""}]","[{""reference"": ""Bar-Yosef and Phillips (eds.) 1977, Bar-Yosef and Vogel 1987, Schyle 1996""}, {""reference"": ""CONTEXT""}]",15150.0,90.0,True,False,False
70418,SMU-171,12990.0,110.0,,,,,,charcoal,,,,Mushabi 5,EG,30.62,33.38,,"[{""periode"": ""EP""}, {""periode"": ""Mushabian""}]","[{""typochronological_unit"": ""EP""}, {""typochronological_unit"": ""Mushabian""}]","[{""ecochronological_unit"": ""EP""}, {""ecochronological_unit"": ""Mushabian""}]","[{""reference"": ""Haas and Haynes 1975, Bar-Yosef and Phillips (eds.) 1977, Haas 1977, Schyle 1996""}, {""reference"": ""CONTEXT""}]",15570.0,110.0,True,False,False
70421,Pta-2158,13930.0,120.0,,,,,,charcoal,,,,Qadesh Barnea 8,EG,30.63,34.42,,"[{""periode"": ""EP""}, {""periode"": ""Geom. Kebaran""}]","[{""typochronological_unit"": ""EP""}, {""typochronological_unit"": ""Geom. Kebaran""}]","[{""ecochronological_unit"": ""EP""}, {""ecochronological_unit"": ""Geom. Kebaran""}]","[{""reference"": ""Bar-Yosef 1981d, Schyle 1996""}, {""reference"": ""CONTEXT""}]",16980.0,120.0,True,False,False
70422,Pta-2159,14130.0,160.0,,,,,,charcoal,,,,Qadesh Barnea 8,EG,30.63,34.42,,"[{""periode"": ""EP""}, {""periode"": ""Geom. Kebaran""}]","[{""typochronological_unit"": ""EP""}, {""typochronological_unit"": ""Geom. Kebaran""}]","[{""ecochronological_unit"": ""EP""}, {""ecochronological_unit"": ""Geom. Kebaran""}]","[{""reference"": ""Bar-Yosef 1981d, Schyle 1996""}, {""reference"": ""CONTEXT""}]",17190.0,480.0,True,False,False
70871,I-5498,9970.0,150.0,,,,,,charcoal,,,,Abu Salem G 12,IL,30.53,34.51,,"[{""periode"": ""EP""}, {""periode"": ""Harifian""}]","[{""typochronological_unit"": ""EP""}, {""typochronological_unit"": ""Harifian""}]","[{""ecochronological_unit"": ""EP""}, {""ecochronological_unit"": ""Harifian""}]","[{""reference"": ""Buckley 1973, Marks (ed.) 1976, Scott 1977, Goring-Morris 1991, Schyle 1996""}, {""reference"": ""CONTEXT""}]",11357.5,187.5,True,False,False
70872,Pta-3291,10140.0,80.0,,,,,,charcoal,,,,Abu Salem G 12,IL,30.53,34.51,,"[{""periode"": ""EP""}, {""periode"": ""Harifian""}]","[{""typochronological_unit"": ""EP""}, {""typochronological_unit"": ""Harifian""}]","[{""ecochronological_unit"": ""EP""}, {""ecochronological_unit"": ""Harifian""}]","[{""reference"": ""Goring-Morris 1987, Goring-Morris 1991, Kuijt and Bar-Yosef 1994, Schyle 1996""}, {""reference"": ""CONTEXT""}]",11782.5,100.0,True,False,False
70873,I-5499,10230.0,150.0,,,,,,charcoal,,,,Abu Salem G 12,IL,30.53,34.51,,"[{""periode"": ""EP""}, {""periode"": ""Harifian""}]","[{""typochronological_unit"": ""EP""}, {""typochronological_unit"": ""Harifian""}]","[{""ecochronological_unit"": ""EP""}, {""ecochronological_unit"": ""Harifian""}]","[{""reference"": ""Buckley 1973, Marks (ed.) 1976, Scott 1977, Goring-Morris 1991, Schyle 1996""}, {""reference"": ""CONTEXT""}]",11887.5,262.5,True,False,False
70874,I-5500,10230.0,150.0,,,,,,charcoal,,,,Abu Salem G 12,IL,30.53,34.51,,"[{""periode"": ""EP""}, {""periode"": ""Harifian""}]","[{""typochronological_unit"": ""EP""}, {""typochronological_unit"": ""Harifian""}]","[{""ecochronological_unit"": ""EP""}, {""ecochronological_unit"": ""Harifian""}]","[{""reference"": ""Buckley 1973, Marks (ed.) 1976, Scott 1977, Goring-Morris 1991, Schyle 1996""}, {""reference"": ""CONTEXT""}]",11887.5,262.5,True,False,False
70875,Pta-3289,10300.0,100.0,,,,,,charcoal,,,,Abu Salem G 12,IL,30.53,34.51,,"[{""periode"": ""EP""}, {""periode"": ""Harifian""}]","[{""typochronological_unit"": ""EP""}, {""typochronological_unit"": ""Harifian""}]","[{""ecochronological_unit"": ""EP""}, {""ecochronological_unit"": ""Harifian""}]","[{""reference"": ""Goring-Morris 1987, Goring-Morris 1991, Kuijt and Bar-Yosef 1994, Schyle 1996""}, {""reference"": ""CONTEXT""}]",12017.5,241.66666666666669,True,False,False
70876,Pta-3290,10340.0,90.0,,,,,,charcoal,,,,Abu Salem G 12,IL,30.53,34.51,,"[{""periode"": ""EP""}, {""periode"": ""Harifian""}]","[{""typochronological_unit"": ""EP""}, {""typochronological_unit"": ""Harifian""}]","[{""ecochronological_unit"": ""EP""}, {""ecochronological_unit"": ""Harifian""}]","[{""reference"": ""Goring-Morris 1987, Goring-Morris 1991, Kuijt and Bar-Yosef 1994, Schyle 1996""}, {""reference"": ""CONTEXT""}]",12217.5,637.5,True,False,False
70877,Pta-3293,10420.0,100.0,,,,,,charcoal,,,,Abu Salem G 12,IL,30.53,34.51,,"[{""periode"": ""EP""}, {""periode"": ""Harifian""}]","[{""typochronological_unit"": ""EP""}, {""typochronological_unit"": ""Harifian""}]","[{""ecochronological_unit"": ""EP""}, {""ecochronological_unit"": ""Harifian""}]","[{""reference"": ""Goring-Morris 1987, Goring-Morris 1991, Kuijt and Bar-Yosef 1994, Waterbolk 1994, Schyle 1996""}, {""reference"": ""CONTEXT""}]",12335.0,466.6666666666667,True,False,False
70878,Pta-3292,10550.0,90.0,,,,,,charcoal,,,,Abu Salem G 12,IL,30.53,34.51,,"[{""periode"": ""EP""}, {""periode"": ""Harifian""}]","[{""typochronological_unit"": ""EP""}, {""typochronological_unit"": ""Harifian""}]","[{""ecochronological_unit"": ""EP""}, {""ecochronological_unit"": ""Harifian""}]","[{""reference"": ""Goring-Morris 1987, Goring-Morris 1991, Kuijt and Bar-Yosef 1994, Schyle 1996""}, {""reference"": ""CONTEXT""}]",12557.5,187.5,True,False,False
70879,Pta-3080,11660.0,90.0,,,,,,charcoal,,,,Abu Salem G 12,IL,30.53,34.51,,"[{""periode"": ""EP""}, {""periode"": ""Harifian""}]","[{""typochronological_unit"": ""EP""}, {""typochronological_unit"": ""Harifian""}]","[{""ecochronological_unit"": ""EP""}, {""ecochronological_unit"": ""Harifian""}]","[{""reference"": ""Goring-Morris 1987, Goring-Morris 1991, Kuijt and Bar-Yosef 1994, Schyle 1996""}, {""reference"": ""CONTEXT""}]",13532.5,127.5,True,False,False
70891,RT-1081,10700.0,230.0,,,,,,charcoal,,,settlement,Azariq 8,IL,30.95,34.4,settlement,"[{""periode"": ""EP""}, {""periode"": ""Masraqan""}]","[{""typochronological_unit"": ""EP""}, {""typochronological_unit"": ""Masraqan""}]","[{""ecochronological_unit"": ""EP""}, {""ecochronological_unit"": ""Masraqan""}]","[{""reference"": ""Goring-Morris and Cohern 2005""}, {""reference"": ""CONTEXT""}]",12717.5,230.0,True,False,False
70892,OxA-2142,15160.0,190.0,,,,,,charcoal,,,settlement,Azariq 8,IL,30.95,34.4,settlement,"[{""periode"": ""EP""}, {""periode"": ""Masraqan""}]","[{""typochronological_unit"": ""EP""}, {""typochronological_unit"": ""Masraqan""}]","[{""ecochronological_unit"": ""EP""}, {""ecochronological_unit"": ""Masraqan""}]","[{""reference"": ""Goring-Morris and Cohern 2005""}, {""reference"": ""CONTEXT""}]",18460.0,1013.3333333333333,True,False,False
70932,,9795.0,600.0,,,,,,bone,,,,El-Wad,IL,32.67,34.97,,"[{""periode"": ""EP""}, {""periode"": ""Late Natufian""}]","[{""typochronological_unit"": ""EP""}, {""typochronological_unit"": ""Late Natufian""}]","[{""ecochronological_unit"": ""EP""}, {""ecochronological_unit"": ""Late Natufian""}]","[{""reference"": ""Bar-Yosef and Valla 1979, Bar-Yosef 1981b, Schyle 1996""}, {""reference"": ""CONTEXT""}]",11220.0,600.0,True,False,False
70933,Pta-1367,10680.0,190.0,,,,,,charcoal,,,,El-Wad,IL,32.67,34.97,,"[{""periode"": ""EP""}, {""periode"": ""Natufian""}]","[{""typochronological_unit"": ""EP""}, {""typochronological_unit"": ""Natufian""}]","[{""ecochronological_unit"": ""EP""}, {""ecochronological_unit"": ""Natufian""}]","[{""reference"": ""Weinstein-Evron 1991, Carmi and Segal 1992""}, {""reference"": ""CONTEXT""}]",12707.5,190.0,True,False,False
70934,,11475.0,650.0,,,,,,bone,,,,El-Wad,IL,32.67,34.97,,"[{""periode"": ""EP""}, {""periode"": ""Early Natufian""}]","[{""typochronological_unit"": ""EP""}, {""typochronological_unit"": ""Early Natufian""}]","[{""ecochronological_unit"": ""EP""}, {""ecochronological_unit"": ""Early Natufian""}]","[{""reference"": ""Bar-Yosef and Valla 1979, Bar-Yosef 1981b, Schyle 1996""}, {""reference"": ""CONTEXT""}]",13332.5,650.0,True,False,False
70935,,11920.0,600.0,,,,,,bone,,,,El-Wad,IL,32.67,34.97,,"[{""periode"": ""EP""}, {""periode"": ""Early Natufian""}]","[{""typochronological_unit"": ""EP""}, {""typochronological_unit"": ""Early Natufian""}]","[{""ecochronological_unit"": ""EP""}, {""ecochronological_unit"": ""Early Natufian""}]","[{""reference"": ""Rollefson database""}, {""reference"": ""CONTEXT""}]",13785.0,600.0,True,False,False
70936,,11920.0,660.0,,,,,,bone,,,,El-Wad,IL,32.67,34.97,,"[{""periode"": ""EP""}, {""periode"": ""Early Natufian""}]","[{""typochronological_unit"": ""EP""}, {""typochronological_unit"": ""Early Natufian""}]","[{""ecochronological_unit"": ""EP""}, {""ecochronological_unit"": ""Early Natufian""}]","[{""reference"": ""Bar-Yosef and Valla 1979, Bar-Yosef 1981b, Schyle 1996""}, {""reference"": ""CONTEXT""}]",13785.0,660.0,True,False,False
70937,Pta-5435,12620.0,110.0,,,,,,charcoal,,,,El-Wad,IL,32.67,34.97,,"[{""periode"": ""EP""}, {""periode"": ""Natufian""}]","[{""typochronological_unit"": ""EP""}, {""typochronological_unit"": ""Natufian""}]","[{""ecochronological_unit"": ""EP""}, {""ecochronological_unit"": ""Natufian""}]","[{""reference"": ""Weinstein-Evron 1991""}, {""reference"": ""CONTEXT""}]",15042.5,174.16666666666666,True,False,False
70938,RT-1368,12950.0,200.0,,,,,,charcoal,,,,El-Wad,IL,32.67,34.97,,"[{""periode"": ""EP""}, {""periode"": ""Natufian""}]","[{""typochronological_unit"": ""EP""}, {""typochronological_unit"": ""Natufian""}]","[{""ecochronological_unit"": ""EP""}, {""ecochronological_unit"": ""Natufian""}]","[{""reference"": ""Weinstein-Evron 1991, Carmi and Segal 1992""}, {""reference"": ""CONTEXT""}]",15515.0,300.0,True,False,False
70939,OxA-2870,15450.0,130.0,,,,,,charcoal,,,,"Fazael 10, 11","Israel, Palestine",32.05,35.38,,"[{""periode"": ""EP""}, {""periode"": ""Masraqan""}]","[{""typochronological_unit"": ""EP""}, {""typochronological_unit"": ""Masraqan""}]","[{""ecochronological_unit"": ""EP""}, {""ecochronological_unit"": ""Masraqan""}]","[{""reference"": ""Housley 1994""}, {""reference"": ""CONTEXT""}]",18775.0,130.0,True,False,False
70948,GrN-5576,15700.0,415.0,,,,,,bone,burnt,,,Gev 1,"Israel, Palestine",32.8,35.65,,"[{""periode"": ""EP""}, {""periode"": ""Late Kebaran""}]","[{""typochronological_unit"": ""EP""}, {""typochronological_unit"": ""Late Kebaran""}]","[{""ecochronological_unit"": ""EP""}, {""ecochronological_unit"": ""Late Kebaran""}]","[{""reference"": ""Vogel and Waterbolk 1972, Bar-Yosef and Goring-Morris 1977, Weinstein 1984, Schyle 1996""}, {""reference"": ""CONTEXT""}]",18940.0,415.0,True,False,False
70958,OxA-2143,16230.0,200.0,,,,,,charcoal,,,settlement,Hamifgash 4,IL,31.18,34.58,settlement,"[{""periode"": ""EP""}, {""periode"": ""Nizzanan""}]","[{""typochronological_unit"": ""EP""}, {""typochronological_unit"": ""Nizzanan""}]","[{""ecochronological_unit"": ""EP""}, {""ecochronological_unit"": ""Nizzanan""}]","[{""reference"": ""Housley 1994""}, {""reference"": ""CONTEXT""}]",19560.0,200.0,True,False,False
70967,GifA-91141,11020.0,180.0,,,,,,bone,fragments,,camp site,Hatoula,IL,31.81,34.98,camp site,"[{""periode"": ""EP""}, {""periode"": ""Natufian""}]","[{""typochronological_unit"": ""EP""}, {""typochronological_unit"": ""Natufian""}]","[{""ecochronological_unit"": ""EP""}, {""ecochronological_unit"": ""Natufian""}]","[{""reference"": ""Valla and Arnold 1994""}, {""reference"": ""CONTEXT""}]",12942.5,285.0,True,False,False
70968,OxA-743,12010.0,180.0,,,,,,seeds,Lupinus,,,Hayonim Cave,IL,32.92,35.22,,"[{""periode"": ""EP""}, {""periode"": ""Early Natufian""}]","[{""typochronological_unit"": ""EP""}, {""typochronological_unit"": ""Early Natufian""}]","[{""ecochronological_unit"": ""EP""}, {""ecochronological_unit"": ""Early Natufian""}]","[{""reference"": ""Gowlett and Hedges 1987, Hopf and Bar-Yosef 1987, Valla 1987b, Bar-Yosef 1991, Housley 1994, Schyle 1996""}, {""reference"": ""CONTEXT""}]",13905.0,600.0,True,False,False
70969,OxA-742,12360.0,160.0,,,,,,seeds,Lupinus,,,Hayonim Cave,IL,32.92,35.22,,"[{""periode"": ""EP""}, {""periode"": ""Early Natufian""}]","[{""typochronological_unit"": ""EP""}, {""typochronological_unit"": ""Early Natufian""}]","[{""ecochronological_unit"": ""EP""}, {""ecochronological_unit"": ""Early Natufian""}]","[{""reference"": ""Gowlett and Hedges 1987, Hopf and Bar-Yosef 1987, Valla 1987b, Bar-Yosef 1991, Housley 1994, Schyle 1996""}, {""reference"": ""CONTEXT""}]",14532.5,1346.6666666666665,True,False,False
70977,OxA-1900,6970.0,80.0,,,,,,seeds,Hordeum,,settlement,Hayonim Terrace,IL,32.92,35.22,settlement,"[{""periode"": ""EP""}, {""periode"": ""Natufian""}]","[{""typochronological_unit"": ""EP""}, {""typochronological_unit"": ""Natufian""}]","[{""ecochronological_unit"": ""EP""}, {""ecochronological_unit"": ""Natufian""}]","[{""reference"": ""Housley 1994""}, {""reference"": ""CONTEXT""}]",7795.0,106.66666666666666,True,False,False
70978,OxA-2571,9640.0,100.0,,,,,,bone,charred bone,,settlement,Hayonim Terrace,IL,32.92,35.22,settlement,"[{""periode"": ""EP""}, {""periode"": ""Natufian""}]","[{""typochronological_unit"": ""EP""}, {""typochronological_unit"": ""Natufian""}]","[{""ecochronological_unit"": ""EP""}, {""ecochronological_unit"": ""Natufian""}]","[{""reference"": ""Housley 1994""}, {""reference"": ""CONTEXT""}]",11020.0,466.6666666666667,True,False,False
70979,OxA-1899,10000.0,100.0,,,,,,seeds,Hordeum,,settlement,Hayonim Terrace,IL,32.92,35.22,settlement,"[{""periode"": ""EP""}, {""periode"": ""Natufian""}]","[{""typochronological_unit"": ""EP""}, {""typochronological_unit"": ""Natufian""}]","[{""ecochronological_unit"": ""EP""}, {""ecochronological_unit"": ""Natufian""}]","[{""reference"": ""Housley 1994""}, {""reference"": ""CONTEXT""}]",11477.5,425.0,True,False,False
70980,OxA-2573,10100.0,160.0,,,,,,bone,charred bone,,settlement,Hayonim Terrace,IL,32.92,35.22,settlement,"[{""periode"": ""EP""}, {""periode"": ""Natufian""}]","[{""typochronological_unit"": ""EP""}, {""typochronological_unit"": ""Natufian""}]","[{""ecochronological_unit"": ""EP""}, {""ecochronological_unit"": ""Natufian""}]","[{""reference"": ""Housley 1994""}, {""reference"": ""CONTEXT""}]",11725.0,426.66666666666663,True,False,False
70981,OxA-2569,11220.0,110.0,,,,,,bone,charred bone,,settlement,Hayonim Terrace,IL,32.92,35.22,settlement,"[{""periode"": ""EP""}, {""periode"": ""Natufian""}]","[{""typochronological_unit"": ""EP""}, {""typochronological_unit"": ""Natufian""}]","[{""ecochronological_unit"": ""EP""}, {""ecochronological_unit"": ""Natufian""}]","[{""reference"": ""Housley 1994""}, {""reference"": ""CONTEXT""}]",13127.5,110.0,True,False,False
70982,OxA-2572,11460.0,110.0,,,,,,bone,charred bone,,settlement,Hayonim Terrace,IL,32.92,35.22,settlement,"[{""periode"": ""EP""}, {""periode"": ""Natufian""}]","[{""typochronological_unit"": ""EP""}, {""typochronological_unit"": ""Natufian""}]","[{""ecochronological_unit"": ""EP""}, {""ecochronological_unit"": ""Natufian""}]","[{""reference"": ""Housley 1994""}, {""reference"": ""CONTEXT""}]",13325.0,110.0,True,False,False
70983,OxA-2977,11720.0,120.0,,,,,,bone,charred bone,,settlement,Hayonim Terrace,IL,32.92,35.22,settlement,"[{""periode"": ""EP""}, {""periode"": ""Natufian""}]","[{""typochronological_unit"": ""EP""}, {""typochronological_unit"": ""Natufian""}]","[{""ecochronological_unit"": ""EP""}, {""ecochronological_unit"": ""Natufian""}]","[{""reference"": ""Housley 1994""}, {""reference"": ""CONTEXT""}]",13555.0,160.0,True,False,False
70984,OxA-2975,11790.0,120.0,,,,,,bone,charred bone,,settlement,Hayonim Terrace,IL,32.92,35.22,settlement,"[{""periode"": ""EP""}, {""periode"": ""Natufian""}]","[{""typochronological_unit"": ""EP""}, {""typochronological_unit"": ""Natufian""}]","[{""ecochronological_unit"": ""EP""}, {""ecochronological_unit"": ""Natufian""}]","[{""reference"": ""Housley 1994""}, {""reference"": ""CONTEXT""}]",13667.5,270.0,True,False,False
70985,OxA-2570,11820.0,120.0,,,,,,bone,charred bone,,settlement,Hayonim Terrace,IL,32.92,35.22,settlement,"[{""periode"": ""EP""}, {""periode"": ""Natufian""}]","[{""typochronological_unit"": ""EP""}, {""typochronological_unit"": ""Natufian""}]","[{""ecochronological_unit"": ""EP""}, {""ecochronological_unit"": ""Natufian""}]","[{""reference"": ""Housley 1994""}, {""reference"": ""CONTEXT""}]",13680.0,300.0,True,False,False
70986,SMU-231,11920.0,90.0,,,,,,charcoal,,,settlement,Hayonim Terrace,IL,32.92,35.22,settlement,"[{""periode"": ""EP""}, {""periode"": ""Natufian""}]","[{""typochronological_unit"": ""EP""}, {""typochronological_unit"": ""Natufian""}]","[{""ecochronological_unit"": ""EP""}, {""ecochronological_unit"": ""Natufian""}]","[{""reference"": ""Henry 1976, Davis and Valla 1978, Bar-Yosef 1981b, Henry et al. 1981b, Schyle 1996""}, {""reference"": ""CONTEXT""}]",13785.0,90.0,True,False,False
70987,OxA-2976,14050.0,140.0,,,,,,bone,charred bone,,settlement,Hayonim Terrace,IL,32.92,35.22,settlement,"[{""periode"": ""EP""}, {""periode"": ""Natufian""}]","[{""typochronological_unit"": ""EP""}, {""typochronological_unit"": ""Natufian""}]","[{""ecochronological_unit"": ""EP""}, {""ecochronological_unit"": ""Natufian""}]","[{""reference"": ""Housley 1994""}, {""reference"": ""CONTEXT""}]",17065.0,140.0,True,False,False
70988,OxA-2974,16810.0,210.0,,,,,,bone,charred bone,,settlement,Hayonim Terrace,IL,32.92,35.22,settlement,"[{""periode"": ""EP""}, {""periode"": ""Natufian""}]","[{""typochronological_unit"": ""EP""}, {""typochronological_unit"": ""Natufian""}]","[{""ecochronological_unit"": ""EP""}, {""ecochronological_unit"": ""Natufian""}]","[{""reference"": ""Housley 1994""}, {""reference"": ""CONTEXT""}]",20345.0,245.0,True,False,False
70989,OxA-2568,17420.0,170.0,,,,,,bone,charred bone,,settlement,Hayonim Terrace,IL,32.92,35.22,settlement,"[{""periode"": ""EP""}, {""periode"": ""Natufian""}]","[{""typochronological_unit"": ""EP""}, {""typochronological_unit"": ""Natufian""}]","[{""ecochronological_unit"": ""EP""}, {""ecochronological_unit"": ""Natufian""}]","[{""reference"": ""Housley 1994""}, {""reference"": ""CONTEXT""}]",20960.0,170.0,True,False,False
71005,Hv-3368,9395.0,130.0,,,,,,charcoal,,,cave,Iraq el-Barud,IL,32.73,34.98,cave,"[{""periode"": ""EP""}, {""periode"": ""final Natufian/ Begin PPNA""}]","[{""typochronological_unit"": ""EP""}, {""typochronological_unit"": ""final Natufian/ Begin PPNA""}]","[{""ecochronological_unit"": ""EP""}, {""ecochronological_unit"": ""final Natufian/ Begin PPNA""}]","[{""reference"": ""Ronen 1973, Gopher 1985""}, {""reference"": ""CONTEXT""}]",10617.5,162.5,True,False,False
71082,GL-72,9800.0,240.0,,,,,,charcoal,,,settlement,Jericho,PS,31.86,35.47,settlement,"[{""periode"": ""EP""}, {""periode"": ""Late Natufian""}]","[{""typochronological_unit"": ""EP""}, {""typochronological_unit"": ""Late Natufian""}]","[{""ecochronological_unit"": ""EP""}, {""ecochronological_unit"": ""Late Natufian""}]","[{""reference"": ""Kenyon 1959, Burleigh 1981, Weinstein 1984, Schyle 1996""}, {""reference"": ""CONTEXT""}]",11220.0,240.0,True,False,False
71083,GL-69,9850.0,240.0,,,,,,charcoal,(poutre),,settlement,Jericho,PS,31.86,35.47,settlement,"[{""periode"": ""EP""}, {""periode"": ""Late Natufian""}]","[{""typochronological_unit"": ""EP""}, {""typochronological_unit"": ""Late Natufian""}]","[{""ecochronological_unit"": ""EP""}, {""ecochronological_unit"": ""Late Natufian""}]","[{""reference"": ""Kenyon 1959, Burleigh 1981, Weinstein 1984, Schyle 1996""}, {""reference"": ""CONTEXT""}]",11242.5,240.0,True,False,False
71088,GL-70,10800.0,180.0,,,,,,charcoal,,,settlement,Jericho,PS,31.86,35.47,settlement,"[{""periode"": ""EP""}, {""periode"": ""Late Natufian""}]","[{""typochronological_unit"": ""EP""}, {""typochronological_unit"": ""Late Natufian""}]","[{""ecochronological_unit"": ""EP""}, {""ecochronological_unit"": ""Late Natufian""}]","[{""reference"": ""Burleigh 1981, Weinstein 1984, Schyle 1996""}, {""reference"": ""CONTEXT""}]",12745.0,180.0,True,False,False
71089,BM-1407,11086.0,90.0,,,,,,charcoal,,,settlement,Jericho,PS,31.86,35.47,settlement,"[{""periode"": ""EP""}, {""periode"": ""Late Natufian""}]","[{""typochronological_unit"": ""EP""}, {""typochronological_unit"": ""Late Natufian""}]","[{""ecochronological_unit"": ""EP""}, {""ecochronological_unit"": ""Late Natufian""}]","[{""reference"": ""Burleigh 1981, Weinstein 1984, Schyle 1996""}, {""reference"": ""CONTEXT""}]",13042.5,127.5,True,False,False
71090,P-376,11166.0,107.0,,,,,,charcoal,ash?,,settlement,Jericho,PS,31.86,35.47,settlement,"[{""periode"": ""EP""}, {""periode"": ""Late Natufian""}]","[{""typochronological_unit"": ""EP""}, {""typochronological_unit"": ""Late Natufian""}]","[{""ecochronological_unit"": ""EP""}, {""ecochronological_unit"": ""Late Natufian""}]","[{""reference"": ""Stuckenrath 1963, Burleigh 1981, Weinstein 1984, Schyle 1996""}, {""reference"": ""CONTEXT""}]",13097.5,107.0,True,False,False
71091,,11150.0,400.0,,,,,,bone,,,,Kebara,IL,32.56,34.93,,"[{""periode"": ""EP""}, {""periode"": ""Early Natufian""}]","[{""typochronological_unit"": ""EP""}, {""typochronological_unit"": ""Early Natufian""}]","[{""ecochronological_unit"": ""EP""}, {""ecochronological_unit"": ""Early Natufian""}]","[{""reference"": ""Bar-Yosef and Valla 1979, Bar-Yosef 1981b, Schyle 1996""}, {""reference"": ""CONTEXT""}]",13092.5,400.0,True,False,False
71092,OxA-2798,12470.0,180.0,,,,,,human,charred bone,,,Kebara,IL,32.56,34.93,,"[{""periode"": ""EP""}, {""periode"": ""Natufian""}]","[{""typochronological_unit"": ""EP""}, {""typochronological_unit"": ""Natufian""}]","[{""ecochronological_unit"": ""EP""}, {""ecochronological_unit"": ""Natufian""}]","[{""reference"": ""Housley 1994""}, {""reference"": ""CONTEXT""}]",14705.0,990.0,True,False,False
71093,OxA-2799,14500.0,250.0,,,,,,bone,,,,Kebara,IL,32.56,34.93,,"[{""periode"": ""EP""}, {""periode"": ""Kebaran?""}]","[{""typochronological_unit"": ""EP""}, {""typochronological_unit"": ""Kebaran?""}]","[{""ecochronological_unit"": ""EP""}, {""ecochronological_unit"": ""Kebaran?""}]","[{""reference"": ""Housley 1994""}, {""reference"": ""CONTEXT""}]",17775.0,291.6666666666667,True,False,False
71119,Pta-3483,10430.0,80.0,,,,,,charcoal,,,settlement,Maaleh Ramon East,IL,30.56,34.68,settlement,"[{""periode"": ""EP""}, {""periode"": ""Harifian""}]","[{""typochronological_unit"": ""EP""}, {""typochronological_unit"": ""Harifian""}]","[{""ecochronological_unit"": ""EP""}, {""ecochronological_unit"": ""Harifian""}]","[{""reference"": ""Goring-Morris 1987, Goring-Morris 1991, Kuijt and Bar-Yosef 1994, Schyle 1996""}, {""reference"": ""CONTEXT""}]",12337.5,366.66666666666663,True,False,False
71120,Pta-3371,10530.0,100.0,,,,,,charcoal,,,settlement,Maaleh Ramon East,IL,30.56,34.68,settlement,"[{""periode"": ""EP""}, {""periode"": ""Harifian""}]","[{""typochronological_unit"": ""EP""}, {""typochronological_unit"": ""Harifian""}]","[{""ecochronological_unit"": ""EP""}, {""ecochronological_unit"": ""Harifian""}]","[{""reference"": ""Goring-Morris 1987, Goring-Morris 1991, Kuijt and Bar-Yosef 1994, Schyle 1996""}, {""reference"": ""CONTEXT""}]",12552.5,208.33333333333334,True,False,False
71121,RT-1068N,10000.0,200.0,,,,,,charcoal,,,settlement,Maaleh Ramon West,IL,30.56,34.71,settlement,"[{""periode"": ""EP""}, {""periode"": ""Harifian""}]","[{""typochronological_unit"": ""EP""}, {""typochronological_unit"": ""Harifian""}]","[{""ecochronological_unit"": ""EP""}, {""ecochronological_unit"": ""Harifian""}]","[{""reference"": ""Goring-Morris 1991, Kuijt and Bar-Yosef 1994""}, {""reference"": ""CONTEXT""}]",11477.5,850.0,True,False,False
71122,Pta-3687,10400.0,100.0,,,,,,charcoal,,,settlement,Maaleh Ramon West,IL,30.56,34.71,settlement,"[{""periode"": ""EP""}, {""periode"": ""Harifian""}]","[{""typochronological_unit"": ""EP""}, {""typochronological_unit"": ""Harifian""}]","[{""ecochronological_unit"": ""EP""}, {""ecochronological_unit"": ""Harifian""}]","[{""reference"": ""Goring-Morris 1987, Goring-Morris 1991, Kuijt and Bar-Yosef 1994, Schyle 1996""}, {""reference"": ""CONTEXT""}]",12290.0,600.0,True,False,False
71126,Ly-1662,11310.0,880.0,,,,,,charcoal,,,abri/grotte,Mallaha,IL,33.0828,35.5736,abri/grotte,"[{""periode"": ""EP""}, {""periode"": ""Early Natufian""}]","[{""typochronological_unit"": ""EP""}, {""typochronological_unit"": ""Early Natufian""}]","[{""ecochronological_unit"": ""EP""}, {""ecochronological_unit"": ""Early Natufian""}]","[{""reference"": ""Bar-Yosef and Valla 1978, Bar-Yosef and Valla 1979, Weinstein 1984""}, {""reference"": ""CONTEXT""}]",13200.0,880.0,True,False,False
71127,Ly-1660,11590.0,540.0,,,,,,charcoal,,,abri/grotte,Mallaha,IL,33.0828,35.5736,abri/grotte,"[{""periode"": ""EP""}, {""periode"": ""Early Natufian""}]","[{""typochronological_unit"": ""EP""}, {""typochronological_unit"": ""Early Natufian""}]","[{""ecochronological_unit"": ""EP""}, {""ecochronological_unit"": ""Early Natufian""}]","[{""reference"": ""Davis and Valla 1978, Bar-Yosef and Valla 1979, Weinstein 1984, Schyle 1996""}, {""reference"": ""CONTEXT""}]",13467.5,540.0,True,False,False
71128,Ly-1661,11740.0,570.0,,,,,,charcoal,,,abri/grotte,Mallaha,IL,33.0828,35.5736,abri/grotte,"[{""periode"": ""EP""}, {""periode"": ""Early Natufian""}]","[{""typochronological_unit"": ""EP""}, {""typochronological_unit"": ""Early Natufian""}]","[{""ecochronological_unit"": ""EP""}, {""ecochronological_unit"": ""Early Natufian""}]","[{""reference"": ""Bar-Yosef and Valla 1978, Weinstein 1984, Schyle 1996""}, {""reference"": ""CONTEXT""}]",13557.5,712.5,True,False,False
71143,OxA-396,6650.0,190.0,,,,,,seeds,"Triticum monococcum, Humic acid",,cave,Nahal Oren,IL,32.72,34.97,cave,"[{""periode"": ""EP""}, {""periode"": ""Late Natufian""}]","[{""typochronological_unit"": ""EP""}, {""typochronological_unit"": ""Late Natufian""}]","[{""ecochronological_unit"": ""EP""}, {""ecochronological_unit"": ""Late Natufian""}]","[{""reference"": ""Gowlett 1987, Housley 1994, Schyle 1996""}, {""reference"": ""CONTEXT""}]",7540.0,190.0,True,False,False
71144,BM-764,10046.0,318.0,,,,,,bone,,,cave,Nahal Oren,IL,32.72,34.97,cave,"[{""periode"": ""EP""}, {""periode"": ""Late Natufian""}]","[{""typochronological_unit"": ""EP""}, {""typochronological_unit"": ""Late Natufian""}]","[{""ecochronological_unit"": ""EP""}, {""ecochronological_unit"": ""Late Natufian""}]","[{""reference"": ""Burleigh et al. 1977, Bar-Yosef and Valla 1979, Goring-Morris 1991, Schyle 1996""}, {""reference"": ""CONTEXT""}]",11547.5,1510.5,True,False,False
71145,UCLA-1776A,15800.0,300.0,,,,,,bone,burnt,,cave,Nahal Oren,IL,32.72,34.97,cave,"[{""periode"": ""EP""}, {""periode"": ""Late Kebaran""}]","[{""typochronological_unit"": ""EP""}, {""typochronological_unit"": ""Late Kebaran""}]","[{""ecochronological_unit"": ""EP""}, {""ecochronological_unit"": ""Late Kebaran""}]","[{""reference"": ""Henry and Servello 1974, Saxon 1976, Bar-Yosef and Goring-Morris 1977, Schyle 1996""}, {""reference"": ""CONTEXT""}]",19055.0,350.0,True,False,False
71146,UCLA-1776b,16880.0,340.0,,,,,,bone,burnt,,cave,Nahal Oren,IL,32.72,34.97,cave,"[{""periode"": ""EP""}, {""periode"": ""Kebaran""}]","[{""typochronological_unit"": ""EP""}, {""typochronological_unit"": ""Kebaran""}]","[{""ecochronological_unit"": ""EP""}, {""ecochronological_unit"": ""Kebaran""}]","[{""reference"": ""Noy et al. 1973, Henry and Servello 1974, Saxon 1976""}, {""reference"": ""CONTEXT""}]",20425.0,340.0,True,False,False
71147,UCLA-1776c,18250.0,320.0,,,,,,bone,burnt,,cave,Nahal Oren,IL,32.72,34.97,cave,"[{""periode"": ""EP""}, {""periode"": ""Kebaran""}]","[{""typochronological_unit"": ""EP""}, {""typochronological_unit"": ""Kebaran""}]","[{""ecochronological_unit"": ""EP""}, {""ecochronological_unit"": ""Kebaran""}]","[{""reference"": ""Noy et al. 1973, Henry and Servello 1974, Saxon 1976, Schyle 1996""}, {""reference"": ""CONTEXT""}]",22210.0,320.0,True,False,False
71162,OxA-892,12610.0,130.0,,,,,,bone,"charred bone, burnt",,settlement,Neve David,"Israel, Palestine",32.82,34.98,settlement,"[{""periode"": ""EP""}, {""periode"": ""Geom. Kebaran""}]","[{""typochronological_unit"": ""EP""}, {""typochronological_unit"": ""Geom. Kebaran""}]","[{""ecochronological_unit"": ""EP""}, {""ecochronological_unit"": ""Geom. Kebaran""}]","[{""reference"": ""Bar-Yosef and Vogel 1987, Kaufman 1988a, Housley 1994, Schyle 1996""}, {""reference"": ""CONTEXT""}]",15027.5,184.16666666666666,True,False,False
71163,OxA-859,13400.0,180.0,,,,,,bone,"charred bone, burnt",,settlement,Neve David,"Israel, Palestine",32.82,34.98,settlement,"[{""periode"": ""EP""}, {""periode"": ""Geom. Kebaran""}]","[{""typochronological_unit"": ""EP""}, {""typochronological_unit"": ""Geom. Kebaran""}]","[{""ecochronological_unit"": ""EP""}, {""ecochronological_unit"": ""Geom. Kebaran""}]","[{""reference"": ""Kaufman 1988a, Housley 1994, Schyle 1996""}, {""reference"": ""CONTEXT""}]",16140.0,300.0,True,False,False
71165,RT-1246,15550.0,130.0,,,,,,charcoal,,,,Ohalo II,"Israel, Palestine",32.72,35.57,,"[{""periode"": ""EP""}, {""periode"": ""Masraqan""}]","[{""typochronological_unit"": ""EP""}, {""typochronological_unit"": ""Masraqan""}]","[{""ecochronological_unit"": ""EP""}, {""ecochronological_unit"": ""Masraqan""}]","[{""reference"": ""Nadel and Hershkovitz 1991""}, {""reference"": ""CONTEXT""}]",18840.0,130.0,True,False,False
71166,RT-1297,17500.0,200.0,,,,,,charcoal,,,,Ohalo II,"Israel, Palestine",32.72,35.57,,"[{""periode"": ""EP""}, {""periode"": ""Masraqan""}]","[{""typochronological_unit"": ""EP""}, {""typochronological_unit"": ""Masraqan""}]","[{""ecochronological_unit"": ""EP""}, {""ecochronological_unit"": ""Masraqan""}]","[{""reference"": ""Nadel and Hershkovitz 1991""}, {""reference"": ""CONTEXT""}]",21055.0,300.0,True,False,False
71167,RT-1623,18210.0,240.0,,,,,,,Tamarix,,,Ohalo II,"Israel, Palestine",32.72,35.57,,"[{""periode"": ""EP""}, {""periode"": ""Masraqan""}]","[{""typochronological_unit"": ""EP""}, {""typochronological_unit"": ""Masraqan""}]","[{""ecochronological_unit"": ""EP""}, {""ecochronological_unit"": ""Masraqan""}]","[{""reference"": ""Goring-Morris and Cohern 2005""}, {""reference"": ""CONTEXT""}]",22165.0,280.0,True,False,False
71168,RT-1244,18360.0,230.0,,,,,,charcoal,,,,Ohalo II,"Israel, Palestine",32.72,35.57,,"[{""periode"": ""EP""}, {""periode"": ""Masraqan""}]","[{""typochronological_unit"": ""EP""}, {""typochronological_unit"": ""Masraqan""}]","[{""ecochronological_unit"": ""EP""}, {""ecochronological_unit"": ""Masraqan""}]","[{""reference"": ""Nadel and Hershkovitz 1991""}, {""reference"": ""CONTEXT""}]",22320.0,230.0,True,False,False
71169,RT-1343,18600.0,220.0,,,,,,charcoal,,,,Ohalo II,"Israel, Palestine",32.72,35.57,,"[{""periode"": ""EP""}, {""periode"": ""Masraqan""}]","[{""typochronological_unit"": ""EP""}, {""typochronological_unit"": ""Masraqan""}]","[{""ecochronological_unit"": ""EP""}, {""ecochronological_unit"": ""Masraqan""}]","[{""reference"": ""Nadel and Hershkovitz 1991""}, {""reference"": ""CONTEXT""}]",22465.0,220.0,True,False,False
71170,OxA-2564,18680.0,180.0,,,,,,seeds,Hordeum,,,Ohalo II,"Israel, Palestine",32.72,35.57,,"[{""periode"": ""EP""}, {""periode"": ""Masraqan""}]","[{""typochronological_unit"": ""EP""}, {""typochronological_unit"": ""Masraqan""}]","[{""ecochronological_unit"": ""EP""}, {""ecochronological_unit"": ""Masraqan""}]","[{""reference"": ""Housley 1994""}, {""reference"": ""CONTEXT""}]",22520.0,180.0,True,False,False
71171,RT-1358,18700.0,180.0,,,,,,charcoal,,,,Ohalo II,"Israel, Palestine",32.72,35.57,,"[{""periode"": ""EP""}, {""periode"": ""Masraqan""}]","[{""typochronological_unit"": ""EP""}, {""typochronological_unit"": ""Masraqan""}]","[{""ecochronological_unit"": ""EP""}, {""ecochronological_unit"": ""Masraqan""}]","[{""reference"": ""Nadel and Hershkovitz 1991""}, {""reference"": ""CONTEXT""}]",22535.0,180.0,True,False,False
71172,RT-1617,18700.0,180.0,,,,,,,Populus e.,,,Ohalo II,"Israel, Palestine",32.72,35.57,,"[{""periode"": ""EP""}, {""periode"": ""Masraqan""}]","[{""typochronological_unit"": ""EP""}, {""typochronological_unit"": ""Masraqan""}]","[{""ecochronological_unit"": ""EP""}, {""ecochronological_unit"": ""Masraqan""}]","[{""reference"": ""Goring-Morris and Cohern 2005""}, {""reference"": ""CONTEXT""}]",22535.0,180.0,True,False,False
71173,RT-1252,18900.0,400.0,,,,,,charcoal,Tamarix,,,Ohalo II,"Israel, Palestine",32.72,35.57,,"[{""periode"": ""EP""}, {""periode"": ""Masraqan""}]","[{""typochronological_unit"": ""EP""}, {""typochronological_unit"": ""Masraqan""}]","[{""ecochronological_unit"": ""EP""}, {""ecochronological_unit"": ""Masraqan""}]","[{""reference"": ""Nadel and Hershkovitz 1991""}, {""reference"": ""CONTEXT""}]",22920.0,400.0,True,False,False
71174,RT-1251,19000.0,190.0,,,,,,charcoal,,,,Ohalo II,"Israel, Palestine",32.72,35.57,,"[{""periode"": ""EP""}, {""periode"": ""Masraqan""}]","[{""typochronological_unit"": ""EP""}, {""typochronological_unit"": ""Masraqan""}]","[{""ecochronological_unit"": ""EP""}, {""ecochronological_unit"": ""Masraqan""}]","[{""reference"": ""Nadel and Hershkovitz 1991""}, {""reference"": ""CONTEXT""}]",22955.0,190.0,True,False,False
71175,OxA-2566,19110.0,390.0,,,,,,seeds,Hordeum,,,Ohalo II,"Israel, Palestine",32.72,35.57,,"[{""periode"": ""EP""}, {""periode"": ""Masraqan""}]","[{""typochronological_unit"": ""EP""}, {""typochronological_unit"": ""Masraqan""}]","[{""ecochronological_unit"": ""EP""}, {""ecochronological_unit"": ""Masraqan""}]","[{""reference"": ""Housley 1994""}, {""reference"": ""CONTEXT""}]",23000.0,390.0,True,False,False
71197,I-7030,10580.0,140.0,,,,,,bone,,,,Rakefet,IL,32.65,35.08,,"[{""periode"": ""EP""}, {""periode"": ""Late Natufian""}]","[{""typochronological_unit"": ""EP""}, {""typochronological_unit"": ""Late Natufian""}]","[{""ecochronological_unit"": ""EP""}, {""ecochronological_unit"": ""Late Natufian""}]","[{""reference"": ""Saxon 1976, Goring-Morris 1987, Valla 1987b, Schyle 1996""}, {""reference"": ""CONTEXT""}]",12590.0,396.6666666666667,True,False,False
71198,I-7032,10980.0,260.0,,,,,,bone,,,,Rakefet,IL,32.65,35.08,,"[{""periode"": ""EP""}, {""periode"": ""Late Natufian""}]","[{""typochronological_unit"": ""EP""}, {""typochronological_unit"": ""Late Natufian""}]","[{""ecochronological_unit"": ""EP""}, {""ecochronological_unit"": ""Late Natufian""}]","[{""reference"": ""Saxon 1976, Goring-Morris 1987, Valla 1987b, Schyle 1996""}, {""reference"": ""CONTEXT""}]",12872.5,281.66666666666663,True,False,False
71199,I-7031,15460.0,200.0,,,,,,,,,,Rakefet,IL,32.65,35.08,,"[{""periode"": ""EP""}, {""periode"": ""Kebaran?""}]","[{""typochronological_unit"": ""EP""}, {""typochronological_unit"": ""Kebaran?""}]","[{""ecochronological_unit"": ""EP""}, {""ecochronological_unit"": ""Kebaran?""}]","[{""reference"": ""Saxon 1976, Schyle 1996""}, {""reference"": ""CONTEXT""}]",18785.0,200.0,True,False,False
71200,I-6865,18910.0,330.0,,,,,,bone,,,,Rakefet,IL,32.65,35.08,,"[{""periode"": ""EP""}, {""periode"": ""Kebaran?""}]","[{""typochronological_unit"": ""EP""}, {""typochronological_unit"": ""Kebaran?""}]","[{""ecochronological_unit"": ""EP""}, {""ecochronological_unit"": ""Kebaran?""}]","[{""reference"": ""Noy et al. 1973, Henry and Servello 1974, Saxon 1976, Schyle 1996""}, {""reference"": ""CONTEXT""}]",22920.0,330.0,True,False,False
71201,Pta-3286,10100.0,100.0,,,,,,charcoal,,,settlement,Ramat Harif G 8,IL,30.53,34.53,settlement,"[{""periode"": ""EP""}, {""periode"": ""Harifian""}]","[{""typochronological_unit"": ""EP""}, {""typochronological_unit"": ""Harifian""}]","[{""ecochronological_unit"": ""EP""}, {""ecochronological_unit"": ""Harifian""}]","[{""reference"": ""Goring-Morris 1987, Goring-Morris 1991, Kuijt and Bar-Yosef 1994, Waterbolk 1994, Schyle 1996""}, {""reference"": ""CONTEXT""}]",11725.0,266.6666666666667,True,False,False
71202,Pta-3288,10250.0,100.0,,,,,,charcoal,,,settlement,Ramat Harif G 8,IL,30.53,34.53,settlement,"[{""periode"": ""EP""}, {""periode"": ""Harifian""}]","[{""typochronological_unit"": ""EP""}, {""typochronological_unit"": ""Harifian""}]","[{""ecochronological_unit"": ""EP""}, {""ecochronological_unit"": ""Harifian""}]","[{""reference"": ""Goring-Morris 1987, Goring-Morris 1991, Kuijt and Bar-Yosef 1994, Schyle 1996""}, {""reference"": ""CONTEXT""}]",11925.0,133.33333333333334,True,False,False
71203,Pta-3001,10300.0,100.0,,,,,,charcoal,,,settlement,Ramat Harif G 8,IL,30.53,34.53,settlement,"[{""periode"": ""EP""}, {""periode"": ""Harifian""}]","[{""typochronological_unit"": ""EP""}, {""typochronological_unit"": ""Harifian""}]","[{""ecochronological_unit"": ""EP""}, {""ecochronological_unit"": ""Harifian""}]","[{""reference"": ""Goring-Morris 1987, Goring-Morris 1991, Kuijt and Bar-Yosef 1994, Schyle 1996""}, {""reference"": ""CONTEXT""}]",12017.5,241.66666666666669,True,False,False
71204,Pta-3284,10380.0,100.0,,,,,,charcoal,,,settlement,Ramat Harif G 8,IL,30.53,34.53,settlement,"[{""periode"": ""EP""}, {""periode"": ""Harifian""}]","[{""typochronological_unit"": ""EP""}, {""typochronological_unit"": ""Harifian""}]","[{""ecochronological_unit"": ""EP""}, {""ecochronological_unit"": ""Harifian""}]","[{""reference"": ""Goring-Morris 1987, Goring-Morris 1991, Kuijt and Bar-Yosef 1994, Schyle 1996""}, {""reference"": ""CONTEXT""}]",12285.0,600.0,True,False,False
71205,Pta-3285,10390.0,100.0,,,,,,charcoal,,,settlement,Ramat Harif G 8,IL,30.53,34.53,settlement,"[{""periode"": ""EP""}, {""periode"": ""Harifian""}]","[{""typochronological_unit"": ""EP""}, {""typochronological_unit"": ""Harifian""}]","[{""ecochronological_unit"": ""EP""}, {""ecochronological_unit"": ""Harifian""}]","[{""reference"": ""Goring-Morris 1987, Goring-Morris 1991, Kuijt and Bar-Yosef 1994, Schyle 1996""}, {""reference"": ""CONTEXT""}]",12285.0,600.0,True,False,False
71206,Pta-3009,10500.0,100.0,,,,,,charcoal,,,settlement,Ramat Harif G 8,IL,30.53,34.53,settlement,"[{""periode"": ""EP""}, {""periode"": ""Harifian""}]","[{""typochronological_unit"": ""EP""}, {""typochronological_unit"": ""Harifian""}]","[{""ecochronological_unit"": ""EP""}, {""ecochronological_unit"": ""Harifian""}]","[{""reference"": ""Goring-Morris 1987, Goring-Morris 1991, Kuijt and Bar-Yosef 1994""}, {""reference"": ""CONTEXT""}]",12547.5,208.33333333333334,True,False,False
71210,SMU-90,10490.0,430.0,,,,,,charcoal,,,settlement,Rosh Horesha,IL,30.5,34.58,settlement,"[{""periode"": ""EP""}, {""periode"": ""Late Natufian""}]","[{""typochronological_unit"": ""EP""}, {""typochronological_unit"": ""Late Natufian""}]","[{""ecochronological_unit"": ""EP""}, {""ecochronological_unit"": ""Late Natufian""}]","[{""reference"": ""Goring-Morris 1991""}, {""reference"": ""CONTEXT""}]",12542.5,895.8333333333334,True,False,False
71211,SMU-9,10490.0,430.0,,,,,,charcoal,,,settlement,Rosh Horesha,IL,30.5,34.58,settlement,"[{""periode"": ""EP""}, {""periode"": ""Late Natufian""}]","[{""typochronological_unit"": ""EP""}, {""typochronological_unit"": ""Late Natufian""}]","[{""ecochronological_unit"": ""EP""}, {""ecochronological_unit"": ""Late Natufian""}]","[{""reference"": ""Haynes and Haas 1974, Marks and Larson 1977, Weinstein 1984, Schyle 1996""}, {""reference"": ""CONTEXT""}]",12542.5,895.8333333333334,True,False,False
71212,SMU-10,10880.0,280.0,,,,,,charcoal,,,settlement,Rosh Horesha,IL,30.5,34.58,settlement,"[{""periode"": ""EP""}, {""periode"": ""Late Natufian""}]","[{""typochronological_unit"": ""EP""}, {""typochronological_unit"": ""Late Natufian""}]","[{""ecochronological_unit"": ""EP""}, {""ecochronological_unit"": ""Late Natufian""}]","[{""reference"": ""Haynes and Haas 1974, Marks and Larson 1977, Goring-Morris 1991, Schyle 1996""}, {""reference"": ""CONTEXT""}]",12790.0,280.0,True,False,False
71213,I-5496,13090.0,200.0,,,,,,charcoal,,,settlement,Rosh Horesha,IL,30.5,34.58,settlement,"[{""periode"": ""EP""}, {""periode"": ""Late Natufian""}]","[{""typochronological_unit"": ""EP""}, {""typochronological_unit"": ""Late Natufian""}]","[{""ecochronological_unit"": ""EP""}, {""ecochronological_unit"": ""Late Natufian""}]","[{""reference"": ""Buckley 1973, Marks and Larson 1977, Goring-Morris 1991, Schyle 1996""}, {""reference"": ""CONTEXT""}]",15695.0,233.33333333333334,True,False,False
71215,OxA-2136,10930.0,130.0,,,,,,charcoal,,,settlement,Saflulim,IL,30.5,34.58,settlement,"[{""periode"": ""EP""}, {""periode"": ""Late Natufian""}]","[{""typochronological_unit"": ""EP""}, {""typochronological_unit"": ""Late Natufian""}]","[{""ecochronological_unit"": ""EP""}, {""ecochronological_unit"": ""Late Natufian""}]","[{""reference"": ""Goring-Morris 1991, Housley 1994""}, {""reference"": ""CONTEXT""}]",12802.5,140.83333333333331,True,False,False
71216,OxA-2869,11150.0,100.0,,,,,,charcoal,,,settlement,Saflulim,IL,30.5,34.58,settlement,"[{""periode"": ""EP""}, {""periode"": ""Late Natufian""}]","[{""typochronological_unit"": ""EP""}, {""typochronological_unit"": ""Late Natufian""}]","[{""ecochronological_unit"": ""EP""}, {""ecochronological_unit"": ""Late Natufian""}]","[{""reference"": ""Housley 1994""}, {""reference"": ""CONTEXT""}]",13092.5,100.0,True,False,False
71217,RT-505A,11530.0,1550.0,,,,,,charcoal,,,,Salibiya 1,IL,31.99,35.42,,"[{""periode"": ""EP""}, {""periode"": ""Late Natufian""}]","[{""typochronological_unit"": ""EP""}, {""typochronological_unit"": ""Late Natufian""}]","[{""ecochronological_unit"": ""EP""}, {""ecochronological_unit"": ""Late Natufian""}]","[{""reference"": ""Valla 1987b, Goring-Morris 1991""}, {""reference"": ""CONTEXT""}]",13400.0,2583.333333333333,True,False,False
71228,RT-1073,8700.0,200.0,,,,,,,,,settlement,Sekher 23,IL,31.1,34.79,settlement,"[{""periode"": ""EP""}, {""periode"": ""Mushabian""}]","[{""typochronological_unit"": ""EP""}, {""typochronological_unit"": ""Mushabian""}]","[{""ecochronological_unit"": ""EP""}, {""ecochronological_unit"": ""Mushabian""}]","[{""reference"": ""Housley 1994""}, {""reference"": ""CONTEXT""}]",9620.0,433.33333333333337,True,False,False
71229,OxA-2137,12200.0,150.0,,,,,,charcoal,,,settlement,Sekher 23,IL,31.1,34.79,settlement,"[{""periode"": ""EP""}, {""periode"": ""Mushabian""}]","[{""typochronological_unit"": ""EP""}, {""typochronological_unit"": ""Mushabian""}]","[{""ecochronological_unit"": ""EP""}, {""ecochronological_unit"": ""Mushabian""}]","[{""reference"": ""Housley 1994""}, {""reference"": ""CONTEXT""}]",14085.0,150.0,True,False,False
71230,RT-1082N,9460.0,130.0,,,,,,,,,settlement,Sekher 6,IL,31.07,34.82,settlement,"[{""periode"": ""EP""}, {""periode"": ""Late Natufian""}]","[{""typochronological_unit"": ""EP""}, {""typochronological_unit"": ""Late Natufian""}]","[{""ecochronological_unit"": ""EP""}, {""ecochronological_unit"": ""Late Natufian""}]","[{""reference"": ""Goring-Morris 1991""}, {""reference"": ""CONTEXT""}]",10695.0,130.0,True,False,False
71244,OxA-2140,6740.0,100.0,,,,,,charcoal,,,,Shluhat Qeren 2,IL,30.93,34.43,,"[{""periode"": ""EP""}, {""periode"": ""Mushabian""}]","[{""typochronological_unit"": ""EP""}, {""typochronological_unit"": ""Mushabian""}]","[{""ecochronological_unit"": ""EP""}, {""ecochronological_unit"": ""Mushabian""}]","[{""reference"": ""Housley 1994""}, {""reference"": ""CONTEXT""}]",7595.0,100.0,True,False,False
71246,Pta-3702,15800.0,160.0,,,,,,eggshell,ostrich eg,,,Shunera 16,"Israel, Palestine",30.95,34.6,,"[{""periode"": ""EP""}, {""periode"": ""Masraqan""}]","[{""typochronological_unit"": ""EP""}, {""typochronological_unit"": ""Masraqan""}]","[{""ecochronological_unit"": ""EP""}, {""ecochronological_unit"": ""Masraqan""}]","[{""reference"": ""Goring-Morris 1987, Schyle 1996""}, {""reference"": ""CONTEXT""}]",19055.0,186.66666666666666,True,False,False
71247,Pta-3403,16100.0,150.0,,,,,,eggshell,ostrich eg,,,Shunera 16,"Israel, Palestine",30.95,34.6,,"[{""periode"": ""EP""}, {""periode"": ""Masraqan""}]","[{""typochronological_unit"": ""EP""}, {""typochronological_unit"": ""Masraqan""}]","[{""ecochronological_unit"": ""EP""}, {""ecochronological_unit"": ""Masraqan""}]","[{""reference"": ""Goring-Morris 1987, Schyle 1996""}, {""reference"": ""CONTEXT""}]",19470.0,150.0,True,False,False
71248,RT-1072N,16200.0,170.0,,,,,,eggshell,ostrich eg,,,Shunera 16,"Israel, Palestine",30.95,34.6,,"[{""periode"": ""EP""}, {""periode"": ""Masraqan""}]","[{""typochronological_unit"": ""EP""}, {""typochronological_unit"": ""Masraqan""}]","[{""ecochronological_unit"": ""EP""}, {""ecochronological_unit"": ""Masraqan""}]","[{""reference"": ""Goring-Morris 1987, Schyle 1996""}, {""reference"": ""CONTEXT""}]",19540.0,170.0,True,False,False
71251,Pta-3002,6860.0,250.0,,,,,,charcoal,,,camp site,Shunera 2,IL,30.95,34.6,camp site,"[{""periode"": ""EP""}, {""periode"": ""Mushabian""}]","[{""typochronological_unit"": ""EP""}, {""typochronological_unit"": ""Mushabian""}]","[{""ecochronological_unit"": ""EP""}, {""ecochronological_unit"": ""Mushabian""}]","[{""reference"": ""Marks (ed.) 1976, Goring-Morris 1985, Bar-Yosef and Vogel 1987, Goring-Morris 1987, Schyle 1996""}, {""reference"": ""CONTEXT""}]",7680.0,250.00000000000003,True,False,False
71252,OxA-2138,12100.0,140.0,,,,,,charcoal,,,camp site,Shunera 21,"Israel, Palestine",30.95,34.58,camp site,"[{""periode"": ""EP""}, {""periode"": ""Mushabian""}]","[{""typochronological_unit"": ""EP""}, {""typochronological_unit"": ""Mushabian""}]","[{""ecochronological_unit"": ""EP""}, {""ecochronological_unit"": ""Mushabian""}]","[{""reference"": ""Housley 1994""}, {""reference"": ""CONTEXT""}]",14037.5,140.0,True,False,False
71254,Pta-3003,11000.0,140.0,,,,,,charcoal,,,camp site,Shunera 4,IL,30.95,34.6,camp site,"[{""periode"": ""EP""}, {""periode"": ""Mushabian""}]","[{""typochronological_unit"": ""EP""}, {""typochronological_unit"": ""Mushabian""}]","[{""ecochronological_unit"": ""EP""}, {""ecochronological_unit"": ""Mushabian""}]","[{""reference"": ""Marks (ed.) 1976, Goring-Morris 1985, Bar-Yosef and Vogel 1987, Goring-Morris 1987, Schyle 1996""}, {""reference"": ""CONTEXT""}]",12882.5,175.0,True,False,False
71255,Pta-3690,11700.0,140.0,,,,,,charcoal,,,camp site,Shunera 4,IL,30.95,34.6,camp site,"[{""periode"": ""EP""}, {""periode"": ""Mushabian""}]","[{""typochronological_unit"": ""EP""}, {""typochronological_unit"": ""Mushabian""}]","[{""ecochronological_unit"": ""EP""}, {""ecochronological_unit"": ""Mushabian""}]","[{""reference"": ""Marks (ed.) 1976, Goring-Morris 1985, Bar-Yosef and Vogel 1987, Goring-Morris 1987, Schyle 1996""}, {""reference"": ""CONTEXT""}]",13545.0,186.66666666666669,True,False,False
71256,,9500.0,130.0,,,,,,,,,camp site,Shunera 6,IL,30.95,34.6,camp site,"[{""periode"": ""EP""}, {""periode"": ""Harifian""}]","[{""typochronological_unit"": ""EP""}, {""typochronological_unit"": ""Harifian""}]","[{""ecochronological_unit"": ""EP""}, {""ecochronological_unit"": ""Harifian""}]","[{""reference"": ""Goring-Morris 1991, Kuijt and Bar-Yosef 1994""}, {""reference"": ""CONTEXT""}]",10847.5,617.5,True,False,False
71263,OxA-1503,14440.0,150.0,,,,,,charcoal,,,,"Urkan-e-Rubb 2, 2a","Israel, Palestine",32.07,35.43,,"[{""periode"": ""EP""}, {""periode"": ""Early Kebaran""}]","[{""typochronological_unit"": ""EP""}, {""typochronological_unit"": ""Early Kebaran""}]","[{""ecochronological_unit"": ""EP""}, {""ecochronological_unit"": ""Early Kebaran""}]","[{""reference"": ""Housley 1994""}, {""reference"": ""CONTEXT""}]",17595.0,675.0,True,False,False
71264,OxA-2837,14650.0,120.0,,,,,,charcoal,,,,"Urkan-e-Rubb 2, 2a","Israel, Palestine",32.07,35.43,,"[{""periode"": ""EP""}, {""periode"": ""Early Kebaran""}]","[{""typochronological_unit"": ""EP""}, {""typochronological_unit"": ""Early Kebaran""}]","[{""ecochronological_unit"": ""EP""}, {""ecochronological_unit"": ""Early Kebaran""}]","[{""reference"": ""Housley 1994""}, {""reference"": ""CONTEXT""}]",17950.0,160.0,True,False,False
71265,OxA-2839,14800.0,130.0,,,,,,charcoal,,,,"Urkan-e-Rubb 2, 2a","Israel, Palestine",32.07,35.43,,"[{""periode"": ""EP""}, {""periode"": ""Early Kebaran""}]","[{""typochronological_unit"": ""EP""}, {""typochronological_unit"": ""Early Kebaran""}]","[{""ecochronological_unit"": ""EP""}, {""ecochronological_unit"": ""Early Kebaran""}]","[{""reference"": ""Housley 1994""}, {""reference"": ""CONTEXT""}]",18180.0,130.0,True,False,False
71266,OxA-2836,14860.0,130.0,,,,,,charcoal,,,,"Urkan-e-Rubb 2, 2a","Israel, Palestine",32.07,35.43,,"[{""periode"": ""EP""}, {""periode"": ""Early Kebaran""}]","[{""typochronological_unit"": ""EP""}, {""typochronological_unit"": ""Early Kebaran""}]","[{""ecochronological_unit"": ""EP""}, {""ecochronological_unit"": ""Early Kebaran""}]","[{""reference"": ""Housley 1994""}, {""reference"": ""CONTEXT""}]",18210.0,130.0,True,False,False
71267,OxA-2840,14880.0,120.0,,,,,,charcoal,,,,"Urkan-e-Rubb 2, 2a","Israel, Palestine",32.07,35.43,,"[{""periode"": ""EP""}, {""periode"": ""Early Kebaran""}]","[{""typochronological_unit"": ""EP""}, {""typochronological_unit"": ""Early Kebaran""}]","[{""ecochronological_unit"": ""EP""}, {""ecochronological_unit"": ""Early Kebaran""}]","[{""reference"": ""Housley 1994""}, {""reference"": ""CONTEXT""}]",18215.0,120.0,True,False,False
71268,OxA-2842,14980.0,200.0,,,,,,charcoal,,,,"Urkan-e-Rubb 2, 2a","Israel, Palestine",32.07,35.43,,"[{""periode"": ""EP""}, {""periode"": ""Early Kebaran""}]","[{""typochronological_unit"": ""EP""}, {""typochronological_unit"": ""Early Kebaran""}]","[{""ecochronological_unit"": ""EP""}, {""ecochronological_unit"": ""Early Kebaran""}]","[{""reference"": ""Housley 1994""}, {""reference"": ""CONTEXT""}]",18250.0,200.0,True,False,False
71269,OxA-2838,15050.0,160.0,,,,,,charcoal,,,,"Urkan-e-Rubb 2, 2a","Israel, Palestine",32.07,35.43,,"[{""periode"": ""EP""}, {""periode"": ""Early Kebaran""}]","[{""typochronological_unit"": ""EP""}, {""typochronological_unit"": ""Early Kebaran""}]","[{""ecochronological_unit"": ""EP""}, {""ecochronological_unit"": ""Early Kebaran""}]","[{""reference"": ""Housley 1994""}, {""reference"": ""CONTEXT""}]",18275.0,160.0,True,False,False
71270,OxA-2835,15190.0,130.0,,,,,,charcoal,,,,"Urkan-e-Rubb 2, 2a","Israel, Palestine",32.07,35.43,,"[{""periode"": ""EP""}, {""periode"": ""Early Kebaran""}]","[{""typochronological_unit"": ""EP""}, {""typochronological_unit"": ""Early Kebaran""}]","[{""ecochronological_unit"": ""EP""}, {""ecochronological_unit"": ""Early Kebaran""}]","[{""reference"": ""Housley 1994""}, {""reference"": ""CONTEXT""}]",18475.0,671.6666666666666,True,False,False
71271,OxA-2841,15730.0,130.0,,,,,,charcoal,,,,"Urkan-e-Rubb 2, 2a","Israel, Palestine",32.07,35.43,,"[{""periode"": ""EP""}, {""periode"": ""Early Kebaran""}]","[{""typochronological_unit"": ""EP""}, {""typochronological_unit"": ""Early Kebaran""}]","[{""ecochronological_unit"": ""EP""}, {""ecochronological_unit"": ""Early Kebaran""}]","[{""reference"": ""Housley 1994""}, {""reference"": ""CONTEXT""}]",18970.0,130.0,True,False,False
71289,I-5497,13170.0,230.0,,,,,,charcoal,,,,Zin D 5,"Israel, Palestine",30.84,34.78,,"[{""periode"": ""EP""}, {""periode"": ""Geom. Kebaran""}]","[{""typochronological_unit"": ""EP""}, {""typochronological_unit"": ""Geom. Kebaran""}]","[{""ecochronological_unit"": ""EP""}, {""ecochronological_unit"": ""Geom. Kebaran""}]","[{""reference"": ""Bar-Yosef and Goring-Morris 1977, Bar-Yosef 1981b, Goring-Morris 1987, Marks 1987, Schyle 1996""}, {""reference"": ""CONTEXT""}]",15790.0,230.0,True,False,False
71290,SMU-268,13530.0,144.0,,,,,,charcoal,,,,Zin D 5,"Israel, Palestine",30.84,34.78,,"[{""periode"": ""EP""}, {""periode"": ""Mushabian""}]","[{""typochronological_unit"": ""EP""}, {""typochronological_unit"": ""Mushabian""}]","[{""ecochronological_unit"": ""EP""}, {""ecochronological_unit"": ""Mushabian""}]","[{""reference"": ""Simmons 1977, Bar-Yosef 1981b, Goring-Morris 1987, Schyle 1996""}, {""reference"": ""CONTEXT""}]",16315.0,144.0,True,False,False
71291,Tx-1121,15820.0,1730.0,,,,,,charcoal,,,,Zin D 5,"Israel, Palestine",30.84,34.78,,"[{""periode"": ""EP""}, {""periode"": ""Geom. Kebaran""}]","[{""typochronological_unit"": ""EP""}, {""typochronological_unit"": ""Geom. Kebaran""}]","[{""ecochronological_unit"": ""EP""}, {""ecochronological_unit"": ""Geom. Kebaran""}]","[{""reference"": ""Marks (ed.) 1976, Bar-Yosef and Goring-Morris 1977, Bar-Yosef 1981b, Goring-Morris 1987, Schyle 1996""}, {""reference"": ""CONTEXT""}]",19080.0,1730.0,True,False,False
71292,SMU-7,18840.0,680.0,,,,,,charcoal,,,,Zin D 5,"Israel, Palestine",30.84,34.78,,"[{""periode"": ""EP""}, {""periode"": ""Geom. Kebaran""}]","[{""typochronological_unit"": ""EP""}, {""typochronological_unit"": ""Geom. Kebaran""}]","[{""ecochronological_unit"": ""EP""}, {""ecochronological_unit"": ""Geom. Kebaran""}]","[{""reference"": ""Haynes and Haas 1974, Marks (ed.) 1976, Goring-Morris 1977, Goring-Morris 1987, Schyle 1996""}, {""reference"": ""CONTEXT""}]",22880.0,680.0,True,False,False
71368,OxA-869,13260.0,200.0,,,,,,charcoal,,,,Azraq 17,JO,31.82,36.8,,"[{""periode"": ""EP""}, {""periode"": ""Masraqan""}]","[{""typochronological_unit"": ""EP""}, {""typochronological_unit"": ""Masraqan""}]","[{""ecochronological_unit"": ""EP""}, {""ecochronological_unit"": ""Masraqan""}]","[{""reference"": ""Gowlett and Hedges 1987, Gowlett et al. 1987, Byrd and Garrard 1990, Housley 1994, Schyle 1996""}, {""reference"": ""CONTEXT""}]",15925.0,300.0,True,False,False
71382,AA-1461,8390.0,390.0,,,,,,charcoal,,,Southern Jordan,Beidha,JO,30.3708,35.4478,Southern Jordan,"[{""periode"": ""EP""}, {""periode"": ""Late Natufian""}]","[{""typochronological_unit"": ""EP""}, {""typochronological_unit"": ""Late Natufian""}]","[{""ecochronological_unit"": ""EP""}, {""ecochronological_unit"": ""Late Natufian""}]","[{""reference"": ""Byrd 1988a, Byrd 1989b, Byrd 1994, Schyle 1996""}, {""reference"": ""CONTEXT""}]",9445.0,390.0,True,False,False
71400,AA-1462,10910.0,520.0,,,,,,charcoal,,,Southern Jordan,Beidha,JO,30.3708,35.4478,Southern Jordan,"[{""periode"": ""EP""}, {""periode"": ""Late Natufian""}]","[{""typochronological_unit"": ""EP""}, {""typochronological_unit"": ""Late Natufian""}]","[{""ecochronological_unit"": ""EP""}, {""ecochronological_unit"": ""Late Natufian""}]","[{""reference"": ""Byrd 1988a, Byrd 1989b, Byrd 1994, Schyle 1996""}, {""reference"": ""CONTEXT""}]",12797.5,563.3333333333333,True,False,False
71401,AA-1464,12130.0,190.0,,,,,,charcoal,,,Southern Jordan,Beidha,JO,30.3708,35.4478,Southern Jordan,"[{""periode"": ""EP""}, {""periode"": ""Natufian""}]","[{""typochronological_unit"": ""EP""}, {""typochronological_unit"": ""Natufian""}]","[{""ecochronological_unit"": ""EP""}, {""ecochronological_unit"": ""Natufian""}]","[{""reference"": ""Byrd 1988a, Byrd 1989b, Byrd 1994, Schyle 1996""}, {""reference"": ""CONTEXT""}]",14050.0,190.0,True,False,False
71402,AA-1465,12450.0,170.0,,,,,,charcoal,,,Southern Jordan,Beidha,JO,30.3708,35.4478,Southern Jordan,"[{""periode"": ""EP""}, {""periode"": ""Natufian""}]","[{""typochronological_unit"": ""EP""}, {""typochronological_unit"": ""Natufian""}]","[{""ecochronological_unit"": ""EP""}, {""ecochronological_unit"": ""Natufian""}]","[{""reference"": ""Byrd 1988a, Byrd 1989b, Byrd 1994, Schyle 1996""}, {""reference"": ""CONTEXT""}]",14670.0,963.3333333333334,True,False,False
71403,AA-1463,12910.0,250.0,,,,,,charcoal,,,Southern Jordan,Beidha,JO,30.3708,35.4478,Southern Jordan,"[{""periode"": ""EP""}, {""periode"": ""Natufian""}]","[{""typochronological_unit"": ""EP""}, {""typochronological_unit"": ""Natufian""}]","[{""ecochronological_unit"": ""EP""}, {""ecochronological_unit"": ""Natufian""}]","[{""reference"": ""Byrd 1988a, Byrd 1989b, Byrd 1994, Schyle 1996""}, {""reference"": ""CONTEXT""}]",15425.0,625.0,True,False,False
71438,SMU-905,11985.0,109.0,,,,,,,,,,G. Mishraq J 504,JO,30.03,35.36,,"[{""periode"": ""EP""}, {""periode"": ""Geom. Kebaran""}]","[{""typochronological_unit"": ""EP""}, {""typochronological_unit"": ""Geom. Kebaran""}]","[{""ecochronological_unit"": ""EP""}, {""ecochronological_unit"": ""Geom. Kebaran""}]","[{""reference"": ""Henry 1986, Schyle 1996""}, {""reference"": ""CONTEXT""}]",13892.5,336.0833333333333,True,False,False
71454,OxA-393,11920.0,150.0,,,,,,seeds,,,plein air,Hammeh 27,JO,32.45,35.62,plein air,"[{""periode"": ""EP""}, {""periode"": ""Early Natufian""}]","[{""typochronological_unit"": ""EP""}, {""typochronological_unit"": ""Early Natufian""}]","[{""ecochronological_unit"": ""EP""}, {""ecochronological_unit"": ""Early Natufian""}]","[{""reference"": ""Edwards 1984, Gowlett and Hedges 1987, Valla 1987b, Edwards et al. 1988, Housley 1994, Schyle 1996""}, {""reference"": ""CONTEXT""}]",13785.0,150.0,True,False,False
71455,OxA-507,11950.0,160.0,,,,,,seeds,,,plein air,Hammeh 27,JO,32.45,35.62,plein air,"[{""periode"": ""EP""}, {""periode"": ""Early Natufian""}]","[{""typochronological_unit"": ""EP""}, {""typochronological_unit"": ""Early Natufian""}]","[{""ecochronological_unit"": ""EP""}, {""ecochronological_unit"": ""Early Natufian""}]","[{""reference"": ""Gowlett and Hedges 1987, Valla 1987b, Edwards et al. 1988, Housley 1994, Schyle 1996""}, {""reference"": ""CONTEXT""}]",13797.5,160.0,True,False,False
71456,OxA-394,12200.0,160.0,,,,,,seeds,Chenopodium,,plein air,Hammeh 27,JO,32.45,35.62,plein air,"[{""periode"": ""EP""}, {""periode"": ""Early Natufian""}]","[{""typochronological_unit"": ""EP""}, {""typochronological_unit"": ""Early Natufian""}]","[{""ecochronological_unit"": ""EP""}, {""ecochronological_unit"": ""Early Natufian""}]","[{""reference"": ""Gowlett and Hedges 1987, Valla 1987b, Edwards et al. 1988, Housley 1994, Schyle 1996""}, {""reference"": ""CONTEXT""}]",14085.0,160.0,True,False,False
71457,ANU-4654,16740.0,220.0,,,,,,mollusc,freshwater,,,Hammeh 31,JO,32.45,35.62,,"[{""periode"": ""EP""}, {""periode"": ""Kebaran""}]","[{""typochronological_unit"": ""EP""}, {""typochronological_unit"": ""Kebaran""}]","[{""ecochronological_unit"": ""EP""}, {""ecochronological_unit"": ""Kebaran""}]","[{""reference"": ""Edwards et al. 1986, Schyle 1996""}, {""reference"": ""CONTEXT""}]",20255.0,256.66666666666663,True,False,False
71464,GX-17399,10785.0,285.0,,,,,,charcoal,,,,Iraq ed-Dubb,JO,32.3908,35.7158,,"[{""periode"": ""EP""}, {""periode"": ""Natufian""}]","[{""typochronological_unit"": ""EP""}, {""typochronological_unit"": ""Natufian""}]","[{""ecochronological_unit"": ""EP""}, {""ecochronological_unit"": ""Natufian""}]","[{""reference"": ""Kuijt 1994""}, {""reference"": ""CONTEXT""}]",12740.0,285.0,True,False,False
71465,GX-17077,11145.0,120.0,,,,,,charcoal,,,,Iraq ed-Dubb,JO,32.3908,35.7158,,"[{""periode"": ""EP""}, {""periode"": ""Natufian""}]","[{""typochronological_unit"": ""EP""}, {""typochronological_unit"": ""Natufian""}]","[{""ecochronological_unit"": ""EP""}, {""ecochronological_unit"": ""Natufian""}]","[{""reference"": ""Kuijt 1994""}, {""reference"": ""CONTEXT""}]",13092.5,120.0,True,False,False
71466,GX-17398,11175.0,400.0,,,,,,charcoal,,,,Iraq ed-Dubb,JO,32.3908,35.7158,,"[{""periode"": ""EP""}, {""periode"": ""Natufian""}]","[{""typochronological_unit"": ""EP""}, {""typochronological_unit"": ""Natufian""}]","[{""ecochronological_unit"": ""EP""}, {""ecochronological_unit"": ""Natufian""}]","[{""reference"": ""Kuijt 1994""}, {""reference"": ""CONTEXT""}]",13100.0,400.0,True,False,False
71484,OxA-539,7980.0,150.0,,,,,,charcoal,,,,Jilat 6,JO,31.5,36.41,,"[{""periode"": ""EP""}, {""periode"": ""Late Kebaran""}]","[{""typochronological_unit"": ""EP""}, {""typochronological_unit"": ""Late Kebaran""}]","[{""ecochronological_unit"": ""EP""}, {""ecochronological_unit"": ""Late Kebaran""}]","[{""reference"": ""Gowlett et al. 1986, Bar-Yosef and Vogel 1987, Gowlett and Hedges 1987, Housley 1994, Schyle 1996""}, {""reference"": ""CONTEXT""}]",8880.0,525.0,True,False,False
71487,AA-5492,15470.0,130.0,,,,,,charcoal,,,,Jilat 6,JO,31.5,36.41,,"[{""periode"": ""EP""}, {""periode"": ""Nizzanan""}]","[{""typochronological_unit"": ""EP""}, {""typochronological_unit"": ""Nizzanan""}]","[{""ecochronological_unit"": ""EP""}, {""ecochronological_unit"": ""Nizzanan""}]","[{""reference"": ""Garrard and Byrd 1992""}, {""reference"": ""CONTEXT""}]",18795.0,130.0,True,False,False
71488,OxA-524,15520.0,200.0,,,,,,charcoal,,,,Jilat 6,JO,31.5,36.41,,"[{""periode"": ""EP""}, {""periode"": ""Nizzanan""}]","[{""typochronological_unit"": ""EP""}, {""typochronological_unit"": ""Nizzanan""}]","[{""ecochronological_unit"": ""EP""}, {""ecochronological_unit"": ""Nizzanan""}]","[{""reference"": ""Noy et al. 1973, Gowlett et al. 1986, Bar-Yosef and Vogel 1987, Gowlett and Hedges 1987, Housley 1994, Schyle 1996""}, {""reference"": ""CONTEXT""}]",18820.0,200.0,True,False,False
71489,OxA-525,16010.0,200.0,,,,,,charcoal,,,,Jilat 6,JO,31.5,36.41,,"[{""periode"": ""EP""}, {""periode"": ""Nizzanan""}]","[{""typochronological_unit"": ""EP""}, {""typochronological_unit"": ""Nizzanan""}]","[{""ecochronological_unit"": ""EP""}, {""ecochronological_unit"": ""Nizzanan""}]","[{""reference"": ""Noy et al. 1973, Gowlett et al. 1986, Bar-Yosef and Vogel 1987, Gowlett and Hedges 1987, Housley 1994, Schyle 1996""}, {""reference"": ""CONTEXT""}]",19345.0,433.33333333333337,True,False,False
71490,AA-5491,16575.0,120.0,,,,,,charcoal,,,,Jilat 6,JO,31.5,36.41,,"[{""periode"": ""EP""}, {""periode"": ""Nizzanan""}]","[{""typochronological_unit"": ""EP""}, {""typochronological_unit"": ""Nizzanan""}]","[{""ecochronological_unit"": ""EP""}, {""ecochronological_unit"": ""Nizzanan""}]","[{""reference"": ""Garrard and Byrd 1992""}, {""reference"": ""CONTEXT""}]",20015.0,220.0,True,False,False
71491,AA-5493,16695.0,120.0,,,,,,charcoal,,,,Jilat 6,JO,31.5,36.41,,"[{""periode"": ""EP""}, {""periode"": ""Nizzanan""}]","[{""typochronological_unit"": ""EP""}, {""typochronological_unit"": ""Nizzanan""}]","[{""ecochronological_unit"": ""EP""}, {""ecochronological_unit"": ""Nizzanan""}]","[{""reference"": ""Garrard and Byrd 1992""}, {""reference"": ""CONTEXT""}]",20195.0,140.0,True,False,False
71492,AA-5494,16700.0,140.0,,,,,,charcoal,,,,Jilat 6,JO,31.5,36.41,,"[{""periode"": ""EP""}, {""periode"": ""Nizzanan""}]","[{""typochronological_unit"": ""EP""}, {""typochronological_unit"": ""Nizzanan""}]","[{""ecochronological_unit"": ""EP""}, {""ecochronological_unit"": ""Nizzanan""}]","[{""reference"": ""Garrard and Byrd 1992""}, {""reference"": ""CONTEXT""}]",20200.0,186.66666666666669,True,False,False
71497,OxA-636,10540.0,160.0,,,,,,bone,burnt,,,Jilat 8,JO,31.5,36.41,,"[{""periode"": ""EP""}, {""periode"": ""Geom. Kebaran""}]","[{""typochronological_unit"": ""EP""}, {""typochronological_unit"": ""Geom. Kebaran""}]","[{""ecochronological_unit"": ""EP""}, {""ecochronological_unit"": ""Geom. Kebaran""}]","[{""reference"": ""Bar-Yosef and Vogel 1987, Gowlett and Hedges 1987, Hedges et al. 1989, Housley 1994, Schyle 1996""}, {""reference"": ""CONTEXT""}]",12555.0,320.0,True,False,False
71498,OxA-521,13310.0,120.0,,,,,,charcoal,,,,Jilat 8,JO,31.5,36.41,,"[{""periode"": ""EP""}, {""periode"": ""Geom. Kebaran""}]","[{""typochronological_unit"": ""EP""}, {""typochronological_unit"": ""Geom. Kebaran""}]","[{""ecochronological_unit"": ""EP""}, {""ecochronological_unit"": ""Geom. Kebaran""}]","[{""reference"": ""Bar-Yosef and Vogel 1987, Gowlett and Hedges 1987, Hedges et al. 1989, Housley 1994, Schyle 1996""}, {""reference"": ""CONTEXT""}]",16000.0,120.0,True,False,False
71500,SMU-805,12090.0,800.0,,,,,,charcoal,,,,Judayid J 2,JO,29.83,35.48,,"[{""periode"": ""EP""}, {""periode"": ""Natufian""}]","[{""typochronological_unit"": ""EP""}, {""typochronological_unit"": ""Natufian""}]","[{""ecochronological_unit"": ""EP""}, {""ecochronological_unit"": ""Natufian""}]","[{""reference"": ""Henry 1982, Valla 1987b, Henry 1989, Schyle 1996""}, {""reference"": ""CONTEXT""}]",13965.0,2133.3333333333335,True,False,False
71501,SMU-806,12750.0,1000.0,,,,,,charcoal,,,,Judayid J 2,JO,29.83,35.48,,"[{""periode"": ""EP""}, {""periode"": ""Natufian""}]","[{""typochronological_unit"": ""EP""}, {""typochronological_unit"": ""Natufian""}]","[{""ecochronological_unit"": ""EP""}, {""ecochronological_unit"": ""Natufian""}]","[{""reference"": ""Henry 1982, Valla 1987b, Henry 1989, Schyle 1996""}, {""reference"": ""CONTEXT""}]",15205.0,1166.6666666666667,True,False,False
71502,SMU-803,12784.0,659.0,,,,,,charcoal,,,,Judayid J 2,JO,29.83,35.48,,"[{""periode"": ""EP""}, {""periode"": ""Natufian""}]","[{""typochronological_unit"": ""EP""}, {""typochronological_unit"": ""Natufian""}]","[{""ecochronological_unit"": ""EP""}, {""ecochronological_unit"": ""Natufian""}]","[{""reference"": ""Henry 1982, Valla 1987b, Henry 1989, Schyle 1996""}, {""reference"": ""CONTEXT""}]",15250.0,659.0,True,False,False
71503,Q-3072,9840.0,120.0,,,,,,bone,,,,Kharaneh 4,JO,31.73,36.45,,"[{""periode"": ""EP""}, {""periode"": ""Geom. Kebaran""}]","[{""typochronological_unit"": ""EP""}, {""typochronological_unit"": ""Geom. Kebaran""}]","[{""ecochronological_unit"": ""EP""}, {""ecochronological_unit"": ""Geom. Kebaran""}]","[{""reference"": ""Muheisen 1983, Bar-Yosef and Vogel 1987, Muheisen 1988a, Byrd 1994, Schyle 1996""}, {""reference"": ""CONTEXT""}]",11240.0,120.0,True,False,False
71504,Q-3073,10620.0,125.0,,,,,,bone,,,,Kharaneh 4,JO,31.73,36.45,,"[{""periode"": ""EP""}, {""periode"": ""Geom. Kebaran""}]","[{""typochronological_unit"": ""EP""}, {""typochronological_unit"": ""Geom. Kebaran""}]","[{""ecochronological_unit"": ""EP""}, {""ecochronological_unit"": ""Geom. Kebaran""}]","[{""reference"": ""Bar-Yosef et al. 1971, Muheisen 1983, Muheisen 1988a, Byrd 1994, Schyle 1996""}, {""reference"": ""CONTEXT""}]",12657.5,135.41666666666669,True,False,False
71512,KN-3593,14300.0,650.0,,,,,,bone,,,,Mdamagh,JO,30.35,35.47,,"[{""periode"": ""EP""}, {""periode"": ""Late Kebaran""}]","[{""typochronological_unit"": ""EP""}, {""typochronological_unit"": ""Late Kebaran""}]","[{""ecochronological_unit"": ""EP""}, {""ecochronological_unit"": ""Late Kebaran""}]","[{""reference"": ""Schyle and Uerpmann 1988, Schyle 1996""}, {""reference"": ""CONTEXT""}]",17380.0,650.0,True,False,False
71540,TO-987,11170.0,100.0,,,,,,bone,Gazella,,settlement,Tabaqat al-Buma,JO,32.53,35.71,settlement,"[{""periode"": ""EP""}, {""periode"": ""Geom. Kebaran""}]","[{""typochronological_unit"": ""EP""}, {""typochronological_unit"": ""Geom. Kebaran""}]","[{""ecochronological_unit"": ""EP""}, {""ecochronological_unit"": ""Geom. Kebaran""}]","[{""reference"": ""Byrd 1989b, Byrd 1994, Blackham 1997""}, {""reference"": ""CONTEXT""}]",13097.5,100.0,True,False,False
71541,TO-2116,12660.0,430.0,,,,,,bone,,,settlement,Tabaqat al-Buma,JO,32.53,35.71,settlement,"[{""periode"": ""EP""}, {""periode"": ""Geom. Kebaran""}]","[{""typochronological_unit"": ""EP""}, {""typochronological_unit"": ""Geom. Kebaran""}]","[{""ecochronological_unit"": ""EP""}, {""ecochronological_unit"": ""Geom. Kebaran""}]","[{""reference"": ""Byrd 1989b, Byrd 1994, Blackham 1997""}, {""reference"": ""CONTEXT""}]",15095.0,501.6666666666667,True,False,False
71542,TO-4592,12810.0,480.0,,,,,,charcoal,,,settlement,Tabaqat al-Buma,JO,32.53,35.71,settlement,"[{""periode"": ""EP""}, {""periode"": ""Kebaran""}]","[{""typochronological_unit"": ""EP""}, {""typochronological_unit"": ""Kebaran""}]","[{""ecochronological_unit"": ""EP""}, {""ecochronological_unit"": ""Kebaran""}]","[{""reference"": ""Banning et al. 1994, Blackham 1997""}, {""reference"": ""CONTEXT""}]",15275.0,480.0,True,False,False
71543,TO-989,13110.0,130.0,,,,,,bone,Gazella,,settlement,Tabaqat al-Buma,JO,32.53,35.71,settlement,"[{""periode"": ""EP""}, {""periode"": ""Geom. Kebaran""}]","[{""typochronological_unit"": ""EP""}, {""typochronological_unit"": ""Geom. Kebaran""}]","[{""ecochronological_unit"": ""EP""}, {""ecochronological_unit"": ""Geom. Kebaran""}]","[{""reference"": ""Byrd 1989b, Byrd 1994, Blackham 1997""}, {""reference"": ""CONTEXT""}]",15715.0,151.66666666666666,True,False,False
71544,TO-991,14850.0,160.0,,,,,,bone,Gazella,,settlement,Tabaqat al-Buma,JO,32.53,35.71,settlement,"[{""periode"": ""EP""}, {""periode"": ""Geom. Kebaran""}]","[{""typochronological_unit"": ""EP""}, {""typochronological_unit"": ""Geom. Kebaran""}]","[{""ecochronological_unit"": ""EP""}, {""ecochronological_unit"": ""Geom. Kebaran""}]","[{""reference"": ""Byrd 1989b, Byrd 1994, Blackham 1997""}, {""reference"": ""CONTEXT""}]",18205.0,160.0,True,False,False
71550,OxA-866,18400.0,250.0,,,,,,charcoal,,,,Uwaynid 14,JO,31.8,36.73,,"[{""periode"": ""EP""}, {""periode"": ""Late Kebaran""}]","[{""typochronological_unit"": ""EP""}, {""typochronological_unit"": ""Late Kebaran""}]","[{""ecochronological_unit"": ""EP""}, {""ecochronological_unit"": ""Late Kebaran""}]","[{""reference"": ""Gowlett et al. 1987, Byrd and Garrard 1990, Housley 1994, Schyle 1996""}, {""reference"": ""CONTEXT""}]",22345.0,250.00000000000003,True,False,False
71562,Beta-57898,9010.0,100.0,,,,,,sediment,,,,WHS 1065,JO,30.87,35.92,,"[{""periode"": ""EP""}, {""periode"": ""Nizzanan""}]","[{""typochronological_unit"": ""EP""}, {""typochronological_unit"": ""Nizzanan""}]","[{""ecochronological_unit"": ""EP""}, {""ecochronological_unit"": ""Nizzanan""}]","[{""reference"": ""Goring-Morris and Cohern 2005""}, {""reference"": ""CONTEXT""}]",10207.5,100.0,True,False,False
71563,Beta-57899,11280.0,290.0,,,,,,sediment,,,,WHS 1065,JO,30.87,35.92,,"[{""periode"": ""EP""}, {""periode"": ""Nizzanan""}]","[{""typochronological_unit"": ""EP""}, {""typochronological_unit"": ""Nizzanan""}]","[{""ecochronological_unit"": ""EP""}, {""ecochronological_unit"": ""Nizzanan""}]","[{""reference"": ""Goring-Morris and Cohern 2005""}, {""reference"": ""CONTEXT""}]",13147.5,290.0,True,False,False
71564,Ua-4392,15580.0,250.0,,,,,,charcoal,,,,WHS 1065,JO,30.87,35.92,,"[{""periode"": ""EP""}, {""periode"": ""Nizzanan""}]","[{""typochronological_unit"": ""EP""}, {""typochronological_unit"": ""Nizzanan""}]","[{""ecochronological_unit"": ""EP""}, {""ecochronological_unit"": ""Nizzanan""}]","[{""reference"": ""Clark et al. 1988, Schyle 1996""}, {""reference"": ""CONTEXT""}]",18855.0,250.00000000000003,True,False,False
71565,Ua-4394,15860.0,430.0,,,,,,charcoal,,,,WHS 1065,JO,30.87,35.92,,"[{""periode"": ""EP""}, {""periode"": ""Nizzanan""}]","[{""typochronological_unit"": ""EP""}, {""typochronological_unit"": ""Nizzanan""}]","[{""ecochronological_unit"": ""EP""}, {""ecochronological_unit"": ""Nizzanan""}]","[{""reference"": ""Clark et al. 1988, Schyle 1996""}, {""reference"": ""CONTEXT""}]",19120.0,430.0,True,False,False
71566,Ua-4390,16570.0,380.0,,,,,,charcoal,,,,WHS 1065,JO,30.87,35.92,,"[{""periode"": ""EP""}, {""periode"": ""Nizzanan""}]","[{""typochronological_unit"": ""EP""}, {""typochronological_unit"": ""Nizzanan""}]","[{""ecochronological_unit"": ""EP""}, {""ecochronological_unit"": ""Nizzanan""}]","[{""reference"": ""Clark et al. 1988, Schyle 1996""}, {""reference"": ""CONTEXT""}]",20005.0,696.6666666666666,True,False,False
71567,Beta-57900,16670.0,270.0,,,,,,charcoal,,,,WHS 1065,JO,30.87,35.92,,"[{""periode"": ""EP""}, {""periode"": ""Nizzanan""}]","[{""typochronological_unit"": ""EP""}, {""typochronological_unit"": ""Nizzanan""}]","[{""ecochronological_unit"": ""EP""}, {""ecochronological_unit"": ""Nizzanan""}]","[{""reference"": ""Goring-Morris and Cohern 2005""}, {""reference"": ""CONTEXT""}]",20160.0,360.0,True,False,False
71568,Ua-4393,16790.0,340.0,,,,,,charcoal,,,,WHS 1065,JO,30.87,35.92,,"[{""periode"": ""EP""}, {""periode"": ""Nizzanan""}]","[{""typochronological_unit"": ""EP""}, {""typochronological_unit"": ""Nizzanan""}]","[{""ecochronological_unit"": ""EP""}, {""ecochronological_unit"": ""Nizzanan""}]","[{""reference"": ""Clark et al. 1988, Schyle 1996""}, {""reference"": ""CONTEXT""}]",20315.0,396.6666666666667,True,False,False
71569,Ua-4391,16900.0,500.0,,,,,,charcoal,,,,WHS 1065,JO,30.87,35.92,,"[{""periode"": ""EP""}, {""periode"": ""Nizzanan""}]","[{""typochronological_unit"": ""EP""}, {""typochronological_unit"": ""Nizzanan""}]","[{""ecochronological_unit"": ""EP""}, {""ecochronological_unit"": ""Nizzanan""}]","[{""reference"": ""Clark et al. 1988, Schyle 1996""}, {""reference"": ""CONTEXT""}]",20440.0,500.00000000000006,True,False,False
71570,Beta-55933,18960.0,580.0,,,,,,sediment,,,,WHS 618,JO,30.87,35.92,,"[{""periode"": ""EP""}, {""periode"": ""Masraqan""}]","[{""typochronological_unit"": ""EP""}, {""typochronological_unit"": ""Masraqan""}]","[{""ecochronological_unit"": ""EP""}, {""ecochronological_unit"": ""Masraqan""}]","[{""reference"": ""Goring-Morris and Cohern 2005""}, {""reference"": ""CONTEXT""}]",22940.0,580.0,True,False,False
71575,Ua-4396,19000.0,1300.0,,,,,,charcoal,,,,WHS 784X,JO,30.87,35.92,,"[{""periode"": ""EP""}, {""periode"": ""Masraqan""}]","[{""typochronological_unit"": ""EP""}, {""typochronological_unit"": ""Masraqan""}]","[{""ecochronological_unit"": ""EP""}, {""ecochronological_unit"": ""Masraqan""}]","[{""reference"": ""Clark et al. 1988, Coinman 1990, Schyle 1996""}, {""reference"": ""CONTEXT""}]",22955.0,1300.0,True,False,False
71592,MC-411,14100.0,500.0,,,,,,bone,,,,Ksar'Akil,LB,33.92,35.6,,"[{""periode"": ""EP""}, {""periode"": ""Early Kebaran""}]","[{""typochronological_unit"": ""EP""}, {""typochronological_unit"": ""Early Kebaran""}]","[{""ecochronological_unit"": ""EP""}, {""ecochronological_unit"": ""Early Kebaran""}]","[{""reference"": ""Thommeret, J. and Thommeret, Y. 1973, Schyle 1996""}, {""reference"": ""CONTEXT""}]",17095.0,500.00000000000006,True,False,False
71838,OxA-475,9060.0,140.0,,,,,,bone,"Gazella, Collagen, burnt",,settlement,Abu Hureyra,SY,35.87,38.4,settlement,"[{""periode"": ""EP""}, {""periode"": ""Natufian""}]","[{""typochronological_unit"": ""EP""}, {""typochronological_unit"": ""Natufian""}]","[{""ecochronological_unit"": ""EP""}, {""ecochronological_unit"": ""Natufian""}]","[{""reference"": ""Moore et al. 1986, Gowlett and Hedges 1987, Goring-Morris 1991, Housley 1994, Schyle 1996""}, {""reference"": ""CONTEXT""}]",10227.5,140.0,True,False,False
71839,BM-1719R,9100.0,100.0,,,,,,charcoal,,,settlement,Abu Hureyra,SY,35.87,38.4,settlement,"[{""periode"": ""EP""}, {""periode"": ""Natufian""}]","[{""typochronological_unit"": ""EP""}, {""typochronological_unit"": ""Natufian""}]","[{""ecochronological_unit"": ""EP""}, {""ecochronological_unit"": ""Natufian""}]","[{""reference"": ""Burleigh et al. 1982b, Moore et al. 1986, Goring-Morris 1991, Schyle 1996""}, {""reference"": ""CONTEXT""}]",10240.0,100.0,True,False,False
71840,OxA-406,9300.0,250.0,,,,,,bone,Ovis,,settlement,Abu Hureyra,SY,35.87,38.4,settlement,"[{""periode"": ""EP""}, {""periode"": ""Late Natufian""}]","[{""typochronological_unit"": ""EP""}, {""typochronological_unit"": ""Late Natufian""}]","[{""ecochronological_unit"": ""EP""}, {""ecochronological_unit"": ""Late Natufian""}]","[{""reference"": ""Moore et al. 1986, Gowlett and Hedges 1987, Goring-Morris 1991""}, {""reference"": ""CONTEXT""}]",10500.0,500.00000000000006,True,False,False
71842,OxA-432,9540.0,170.0,,,,,,bone,Gazella,,settlement,Abu Hureyra,SY,35.87,38.4,settlement,"[{""periode"": ""EP""}, {""periode"": ""Late Natufian""}]","[{""typochronological_unit"": ""EP""}, {""typochronological_unit"": ""Late Natufian""}]","[{""ecochronological_unit"": ""EP""}, {""ecochronological_unit"": ""Late Natufian""}]","[{""reference"": ""Moore et al. 1986, Gowlett and Hedges 1987, Goring-Morris 1991""}, {""reference"": ""CONTEXT""}]",10907.5,892.5,True,False,False
71843,OxA-476,9600.0,200.0,,,,,,bone,,,settlement,Abu Hureyra,SY,35.87,38.4,settlement,"[{""periode"": ""EP""}, {""periode"": ""Late Natufian""}]","[{""typochronological_unit"": ""EP""}, {""typochronological_unit"": ""Late Natufian""}]","[{""ecochronological_unit"": ""EP""}, {""ecochronological_unit"": ""Late Natufian""}]","[{""reference"": ""Moore et al. 1986, Gowlett and Hedges 1987, Goring-Morris 1991, Housley 1994""}, {""reference"": ""CONTEXT""}]",10942.5,983.3333333333334,True,False,False
71845,OxA-433,9840.0,200.0,,,,,,bone,,,settlement,Abu Hureyra,SY,35.87,38.4,settlement,"[{""periode"": ""EP""}, {""periode"": ""Late Natufian""}]","[{""typochronological_unit"": ""EP""}, {""typochronological_unit"": ""Late Natufian""}]","[{""ecochronological_unit"": ""EP""}, {""ecochronological_unit"": ""Late Natufian""}]","[{""reference"": ""Gowlett and Hedges 1987, Goring-Morris 1991""}, {""reference"": ""CONTEXT""}]",11240.0,200.0,True,False,False
71846,OxA-473,10000.0,170.0,,,,,,bone,Ovis,,settlement,Abu Hureyra,SY,35.87,38.4,settlement,"[{""periode"": ""EP""}, {""periode"": ""Late Natufian""}]","[{""typochronological_unit"": ""EP""}, {""typochronological_unit"": ""Late Natufian""}]","[{""ecochronological_unit"": ""EP""}, {""ecochronological_unit"": ""Late Natufian""}]","[{""reference"": ""Moore et al. 1986, Gowlett and Hedges 1987, Goring-Morris 1991, Housley 1994, Schyle 1996""}, {""reference"": ""CONTEXT""}]",11477.5,722.5,True,False,False
71848,OxA-408,10250.0,160.0,,,,,,bone,Ovis,,settlement,Abu Hureyra,SY,35.87,38.4,settlement,"[{""periode"": ""EP""}, {""periode"": ""Late Natufian""}]","[{""typochronological_unit"": ""EP""}, {""typochronological_unit"": ""Late Natufian""}]","[{""ecochronological_unit"": ""EP""}, {""ecochronological_unit"": ""Late Natufian""}]","[{""reference"": ""Moore et al. 1986, Gowlett and Hedges 1987, Goring-Morris 1991, Housley 1994, Schyle 1996""}, {""reference"": ""CONTEXT""}]",11925.0,213.33333333333331,True,False,False
71849,OxA-397,10420.0,140.0,,,,,,seeds,Triticum monococcum,,settlement,Abu Hureyra,SY,35.87,38.4,settlement,"[{""periode"": ""EP""}, {""periode"": ""Late Natufian""}]","[{""typochronological_unit"": ""EP""}, {""typochronological_unit"": ""Late Natufian""}]","[{""ecochronological_unit"": ""EP""}, {""ecochronological_unit"": ""Late Natufian""}]","[{""reference"": ""Moore et al. 1986, Gowlett and Hedges 1987, Goring-Morris 1991, Housley 1994, Schyle 1996""}, {""reference"": ""CONTEXT""}]",12335.0,653.3333333333334,True,False,False
71850,OxA-435,10450.0,180.0,,,,,,bone,Gazella,,settlement,Abu Hureyra,SY,35.87,38.4,settlement,"[{""periode"": ""EP""}, {""periode"": ""Late Natufian""}]","[{""typochronological_unit"": ""EP""}, {""typochronological_unit"": ""Late Natufian""}]","[{""ecochronological_unit"": ""EP""}, {""ecochronological_unit"": ""Late Natufian""}]","[{""reference"": ""Moore et al. 1986, Gowlett and Hedges 1987, Goring-Morris 1991, Housley 1994, Schyle 1996""}, {""reference"": ""CONTEXT""}]",12430.0,900.0,True,False,False
71851,OxA-434,10490.0,150.0,,,,,,bone,"Gazella, Collagen, burnt",,settlement,Abu Hureyra,SY,35.87,38.4,settlement,"[{""periode"": ""EP""}, {""periode"": ""Late Natufian""}]","[{""typochronological_unit"": ""EP""}, {""typochronological_unit"": ""Late Natufian""}]","[{""ecochronological_unit"": ""EP""}, {""ecochronological_unit"": ""Late Natufian""}]","[{""reference"": ""Moore et al. 1986, Gowlett and Hedges 1987, Goring-Morris 1991, Housley 1994, Schyle 1996""}, {""reference"": ""CONTEXT""}]",12542.5,312.5,True,False,False
71852,OxA-171,10600.0,200.0,,,,,,seeds,Triticum monococcum,,settlement,Abu Hureyra,SY,35.87,38.4,settlement,"[{""periode"": ""EP""}, {""periode"": ""Late Natufian""}]","[{""typochronological_unit"": ""EP""}, {""typochronological_unit"": ""Late Natufian""}]","[{""ecochronological_unit"": ""EP""}, {""ecochronological_unit"": ""Late Natufian""}]","[{""reference"": ""Moore et al. 1986, Gowlett and Hedges 1987, Goring-Morris 1991, Housley 1994, Schyle 1996""}, {""reference"": ""CONTEXT""}]",12650.0,200.0,True,False,False
71853,OxA-170,10600.0,200.0,,,,,,seeds,Triticum monococcum,,settlement,Abu Hureyra,SY,35.87,38.4,settlement,"[{""periode"": ""EP""}, {""periode"": ""Late Natufian""}]","[{""typochronological_unit"": ""EP""}, {""typochronological_unit"": ""Late Natufian""}]","[{""ecochronological_unit"": ""EP""}, {""ecochronological_unit"": ""Late Natufian""}]","[{""reference"": ""Goring-Morris 1977, Moore et al. 1986, Gowlett and Hedges 1987, Housley 1994, Schyle 1996""}, {""reference"": ""CONTEXT""}]",12650.0,200.0,True,False,False
71854,OxA-471,10620.0,150.0,,,,,,bone,Ovis,,settlement,Abu Hureyra,SY,35.87,38.4,settlement,"[{""periode"": ""EP""}, {""periode"": ""Late Natufian""}]","[{""typochronological_unit"": ""EP""}, {""typochronological_unit"": ""Late Natufian""}]","[{""ecochronological_unit"": ""EP""}, {""ecochronological_unit"": ""Late Natufian""}]","[{""reference"": ""Moore et al. 1986, Gowlett and Hedges 1987, Goring-Morris 1991, Housley 1994, Schyle 1996""}, {""reference"": ""CONTEXT""}]",12657.5,162.5,True,False,False
71855,OxA-431,10680.0,150.0,,,,,,bone,Gazella,,settlement,Abu Hureyra,SY,35.87,38.4,settlement,"[{""periode"": ""EP""}, {""periode"": ""Late Natufian""}]","[{""typochronological_unit"": ""EP""}, {""typochronological_unit"": ""Late Natufian""}]","[{""ecochronological_unit"": ""EP""}, {""ecochronological_unit"": ""Late Natufian""}]","[{""reference"": ""Moore et al. 1986, Gowlett and Hedges 1987, Goring-Morris 1991, Housley 1994, Schyle 1996""}, {""reference"": ""CONTEXT""}]",12707.5,150.0,True,False,False
71856,OxA-472,10750.0,170.0,,,,,,bone,Ovis,,settlement,Abu Hureyra,SY,35.87,38.4,settlement,"[{""periode"": ""EP""}, {""periode"": ""Late Natufian""}]","[{""typochronological_unit"": ""EP""}, {""typochronological_unit"": ""Late Natufian""}]","[{""ecochronological_unit"": ""EP""}, {""ecochronological_unit"": ""Late Natufian""}]","[{""reference"": ""Moore et al. 1986, Gowlett and Hedges 1987, Goring-Morris 1991, Housley 1994, Schyle 1996""}, {""reference"": ""CONTEXT""}]",12732.5,170.0,True,False,False
71857,BM-1121,10792.0,82.0,,,,,,charcoal,,,settlement,Abu Hureyra,SY,35.87,38.4,settlement,"[{""periode"": ""EP""}, {""periode"": ""Late Natufian""}]","[{""typochronological_unit"": ""EP""}, {""typochronological_unit"": ""Late Natufian""}]","[{""ecochronological_unit"": ""EP""}, {""ecochronological_unit"": ""Late Natufian""}]","[{""reference"": ""Burleigh et al. 1982a, Moore et al. 1986, Goring-Morris 1991, Schyle 1996""}, {""reference"": ""CONTEXT""}]",12740.0,82.0,True,False,False
71858,OxA-386,10800.0,160.0,,,,,,seeds,Triticum monococcum,,settlement,Abu Hureyra,SY,35.87,38.4,settlement,"[{""periode"": ""EP""}, {""periode"": ""Late Natufian""}]","[{""typochronological_unit"": ""EP""}, {""typochronological_unit"": ""Late Natufian""}]","[{""ecochronological_unit"": ""EP""}, {""ecochronological_unit"": ""Late Natufian""}]","[{""reference"": ""Moore et al. 1986, Gowlett and Hedges 1987, Goring-Morris 1991, Housley 1994, Schyle 1996""}, {""reference"": ""CONTEXT""}]",12745.0,160.0,True,False,False
71859,BM-1723R,10820.0,510.0,,,,,,charcoal,,,settlement,Abu Hureyra,SY,35.87,38.4,settlement,"[{""periode"": ""EP""}, {""periode"": ""Late Natufian""}]","[{""typochronological_unit"": ""EP""}, {""typochronological_unit"": ""Late Natufian""}]","[{""ecochronological_unit"": ""EP""}, {""ecochronological_unit"": ""Late Natufian""}]","[{""reference"": ""Burleigh et al. 1982b, Moore et al. 1986, Goring-Morris 1991""}, {""reference"": ""CONTEXT""}]",12750.0,510.0,True,False,False
71860,OxA-470,10820.0,160.0,,,,,,bone,Bos,,settlement,Abu Hureyra,SY,35.87,38.4,settlement,"[{""periode"": ""EP""}, {""periode"": ""Late Natufian""}]","[{""typochronological_unit"": ""EP""}, {""typochronological_unit"": ""Late Natufian""}]","[{""ecochronological_unit"": ""EP""}, {""ecochronological_unit"": ""Late Natufian""}]","[{""reference"": ""Moore et al. 1986, Gowlett and Hedges 1987, Goring-Morris 1991, Schyle 1996""}, {""reference"": ""CONTEXT""}]",12750.0,160.0,True,False,False
71861,OxA-172,10900.0,200.0,,,,,,seeds,Triticum monococcum,,settlement,Abu Hureyra,SY,35.87,38.4,settlement,"[{""periode"": ""EP""}, {""periode"": ""Late Natufian""}]","[{""typochronological_unit"": ""EP""}, {""typochronological_unit"": ""Late Natufian""}]","[{""ecochronological_unit"": ""EP""}, {""ecochronological_unit"": ""Late Natufian""}]","[{""reference"": ""Moore et al. 1986, Gowlett and Hedges 1987, Goring-Morris 1991, Housley 1994, Schyle 1996""}, {""reference"": ""CONTEXT""}]",12795.0,233.33333333333334,True,False,False
71862,OxA-469,10920.0,140.0,,,,,,bone,Bos,,settlement,Abu Hureyra,SY,35.87,38.4,settlement,"[{""periode"": ""EP""}, {""periode"": ""Late Natufian""}]","[{""typochronological_unit"": ""EP""}, {""typochronological_unit"": ""Late Natufian""}]","[{""ecochronological_unit"": ""EP""}, {""ecochronological_unit"": ""Late Natufian""}]","[{""reference"": ""Moore et al. 1986, Gowlett and Hedges 1987, Goring-Morris 1991, Housley 1994, Schyle 1996""}, {""reference"": ""CONTEXT""}]",12800.0,163.33333333333334,True,False,False
71863,OxA-474,10930.0,150.0,,,,,,bone,Ovis,,settlement,Abu Hureyra,SY,35.87,38.4,settlement,"[{""periode"": ""EP""}, {""periode"": ""Late Natufian""}]","[{""typochronological_unit"": ""EP""}, {""typochronological_unit"": ""Late Natufian""}]","[{""ecochronological_unit"": ""EP""}, {""ecochronological_unit"": ""Late Natufian""}]","[{""reference"": ""Moore et al. 1986, Gowlett and Hedges 1987, Housley 1994, Schyle 1996""}, {""reference"": ""CONTEXT""}]",12802.5,162.5,True,False,False
71864,OxA-430,11020.0,150.0,,,,,,bone,"Gazella, Collagen, burnt",,settlement,Abu Hureyra,SY,35.87,38.4,settlement,"[{""periode"": ""EP""}, {""periode"": ""Late Natufian""}]","[{""typochronological_unit"": ""EP""}, {""typochronological_unit"": ""Late Natufian""}]","[{""ecochronological_unit"": ""EP""}, {""ecochronological_unit"": ""Late Natufian""}]","[{""reference"": ""Moore et al. 1986, Gowlett and Hedges 1987, Goring-Morris 1991, Housley 1994, Schyle 1996""}, {""reference"": ""CONTEXT""}]",12942.5,237.5,True,False,False
71865,OxA-387,11070.0,160.0,,,,,,bone,"bos, wild, Collagen, burnt",,settlement,Abu Hureyra,SY,35.87,38.4,settlement,"[{""periode"": ""EP""}, {""periode"": ""Late Natufian""}]","[{""typochronological_unit"": ""EP""}, {""typochronological_unit"": ""Late Natufian""}]","[{""ecochronological_unit"": ""EP""}, {""ecochronological_unit"": ""Late Natufian""}]","[{""reference"": ""Moore et al. 1986, Gowlett and Hedges 1987, Housley 1994, Schyle 1996""}, {""reference"": ""CONTEXT""}]",13005.0,400.0,True,False,False
71866,OxA-468,11090.0,150.0,,,,,,bone,Bos,,settlement,Abu Hureyra,SY,35.87,38.4,settlement,"[{""periode"": ""EP""}, {""periode"": ""Late Natufian""}]","[{""typochronological_unit"": ""EP""}, {""typochronological_unit"": ""Late Natufian""}]","[{""ecochronological_unit"": ""EP""}, {""ecochronological_unit"": ""Late Natufian""}]","[{""reference"": ""Moore et al. 1986, Gowlett and Hedges 1987, Goring-Morris 1991, Housley 1994, Schyle 1996""}, {""reference"": ""CONTEXT""}]",13045.0,200.0,True,False,False
71867,BM-1718R,11140.0,110.0,,,,,,charcoal,,,settlement,Abu Hureyra,SY,35.87,38.4,settlement,"[{""periode"": ""EP""}, {""periode"": ""Late Natufian""}]","[{""typochronological_unit"": ""EP""}, {""typochronological_unit"": ""Late Natufian""}]","[{""ecochronological_unit"": ""EP""}, {""ecochronological_unit"": ""Late Natufian""}]","[{""reference"": ""Burleigh et al. 1982b, Moore et al. 1986, Goring-Morris 1991, Schyle 1996, Henry (ed.) 1998b""}, {""reference"": ""CONTEXT""}]",13090.0,110.0,True,False,False
71868,OxA-883,11450.0,300.0,,,,,,seeds,,,settlement,Abu Hureyra,SY,35.87,38.4,settlement,"[{""periode"": ""EP""}, {""periode"": ""Late Natufian""}]","[{""typochronological_unit"": ""EP""}, {""typochronological_unit"": ""Late Natufian""}]","[{""ecochronological_unit"": ""EP""}, {""ecochronological_unit"": ""Late Natufian""}]","[{""reference"": ""Moore et al. 1986, Gowlett and Hedges 1987, Goring-Morris 1991, Housley 1994""}, {""reference"": ""CONTEXT""}]",13320.0,300.0,True,False,False
71909,KIA-11576,10470.0,121.0,,,,,,charcoal,,,cave,Baaz,SY,33.81,36.51,cave,"[{""periode"": ""EP""}, {""periode"": ""Late Natufian""}]","[{""typochronological_unit"": ""EP""}, {""typochronological_unit"": ""Late Natufian""}]","[{""ecochronological_unit"": ""EP""}, {""ecochronological_unit"": ""Late Natufian""}]","[{""reference"": ""Conard 2002""}, {""reference"": ""CONTEXT""}]",12532.5,231.91666666666666,True,False,False
71910,KIA-11578,10667.0,97.0,,,,,,charcoal,,,cave,Baaz,SY,33.81,36.51,cave,"[{""periode"": ""EP""}, {""periode"": ""Late Natufian""}]","[{""typochronological_unit"": ""EP""}, {""typochronological_unit"": ""Late Natufian""}]","[{""ecochronological_unit"": ""EP""}, {""ecochronological_unit"": ""Late Natufian""}]","[{""reference"": ""Conard 2002""}, {""reference"": ""CONTEXT""}]",12705.0,97.0,True,False,False
71911,KIA-11577,10942.0,65.0,,,,,,charcoal,,,cave,Baaz,SY,33.81,36.51,cave,"[{""periode"": ""EP""}, {""periode"": ""Late Natufian""}]","[{""typochronological_unit"": ""EP""}, {""typochronological_unit"": ""Late Natufian""}]","[{""ecochronological_unit"": ""EP""}, {""ecochronological_unit"": ""Late Natufian""}]","[{""reference"": ""Conard 2002""}, {""reference"": ""CONTEXT""}]",12827.5,113.74999999999999,True,False,False
72032,MC-733,10030.0,150.0,,,,,,charcoal,,,Middle Euphrates,Mureybet,SY,36.07,38.1,Middle Euphrates,"[{""periode"": ""EP""}, {""periode"": ""Natufian""}]","[{""typochronological_unit"": ""EP""}, {""typochronological_unit"": ""Natufian""}]","[{""ecochronological_unit"": ""EP""}, {""ecochronological_unit"": ""Natufian""}]","[{""reference"": ""Cauvin, J. 1977, Goring-Morris 1991, Schyle 1996, Banadora""}, {""reference"": ""CONTEXT""}]",11542.5,712.5,True,False,False
72033,MC-674,10090.0,170.0,,,,,,charcoal,,,Middle Euphrates,Mureybet,SY,36.07,38.1,Middle Euphrates,"[{""periode"": ""EP""}, {""periode"": ""Natufian""}]","[{""typochronological_unit"": ""EP""}, {""typochronological_unit"": ""Natufian""}]","[{""ecochronological_unit"": ""EP""}, {""ecochronological_unit"": ""Natufian""}]","[{""reference"": ""Cauvin, J. 1977, Schyle 1996""}, {""reference"": ""CONTEXT""}]",11657.5,807.5,True,False,False
72034,P-1216,10092.0,118.0,,,,,,charcoal,,,Middle Euphrates,Mureybet,SY,36.07,38.1,Middle Euphrates,"[{""periode"": ""EP""}, {""periode"": ""Natufian""}]","[{""typochronological_unit"": ""EP""}, {""typochronological_unit"": ""Natufian""}]","[{""ecochronological_unit"": ""EP""}, {""ecochronological_unit"": ""Natufian""}]","[{""reference"": ""Stuckenrath and Lawn 1969, Cauvin, J. 1978a, Moore et al. 1986""}, {""reference"": ""CONTEXT""}]",11657.5,560.5,True,False,False
72035,MC-635,10170.0,200.0,,,,,,charcoal,,,Middle Euphrates,Mureybet,SY,36.07,38.1,Middle Euphrates,"[{""periode"": ""EP""}, {""periode"": ""Natufian""}]","[{""typochronological_unit"": ""EP""}, {""typochronological_unit"": ""Natufian""}]","[{""ecochronological_unit"": ""EP""}, {""ecochronological_unit"": ""Natufian""}]","[{""reference"": ""Cauvin, J. 1977, Schyle 1996""}, {""reference"": ""CONTEXT""}]",11815.0,366.6666666666667,True,False,False
72037,MC-731,10230.0,170.0,,,,,,charcoal,,,Middle Euphrates,Mureybet,SY,36.07,38.1,Middle Euphrates,"[{""periode"": ""EP""}, {""periode"": ""Natufian""}]","[{""typochronological_unit"": ""EP""}, {""typochronological_unit"": ""Natufian""}]","[{""ecochronological_unit"": ""EP""}, {""ecochronological_unit"": ""Natufian""}]","[{""reference"": ""Cauvin, J. 1977, Goring-Morris 1991, Schyle 1996""}, {""reference"": ""CONTEXT""}]",11887.5,297.5,True,False,False
72038,MC-732,10230.0,170.0,,,,,,charcoal,,,Middle Euphrates,Mureybet,SY,36.07,38.1,Middle Euphrates,"[{""periode"": ""EP""}, {""periode"": ""Natufian""}]","[{""typochronological_unit"": ""EP""}, {""typochronological_unit"": ""Natufian""}]","[{""ecochronological_unit"": ""EP""}, {""ecochronological_unit"": ""Natufian""}]","[{""reference"": ""Cauvin, J. 1977, Goring-Morris 1991, Schyle 1996""}, {""reference"": ""CONTEXT""}]",11887.5,297.5,True,False,False
72039,MC-675,10350.0,150.0,,,,,,charcoal,,,Middle Euphrates,Mureybet,SY,36.07,38.1,Middle Euphrates,"[{""periode"": ""EP""}, {""periode"": ""Natufian""}]","[{""typochronological_unit"": ""EP""}, {""typochronological_unit"": ""Natufian""}]","[{""ecochronological_unit"": ""EP""}, {""ecochronological_unit"": ""Natufian""}]","[{""reference"": ""Cauvin, J. 1977, Goring-Morris 1991, Schyle 1996""}, {""reference"": ""CONTEXT""}]",12227.5,1112.5,True,False,False
72041,Lv-608,10590.0,140.0,,,,,,charcoal,,,Middle Euphrates,Mureybet,SY,36.07,38.1,Middle Euphrates,"[{""periode"": ""EP""}, {""periode"": ""Natufian""}]","[{""typochronological_unit"": ""EP""}, {""typochronological_unit"": ""Natufian""}]","[{""ecochronological_unit"": ""EP""}, {""ecochronological_unit"": ""Natufian""}]","[{""reference"": ""Henry 1989""}, {""reference"": ""CONTEXT""}]",12647.5,140.0,True,False,False
72101,Beta-79221,14490.0,200.0,,,,,,,,,,Umm el-Tlel,SY,35.23,38.85,,"[{""periode"": ""EP""}, {""periode"": ""Geom. Kebaran""}]","[{""typochronological_unit"": ""EP""}, {""typochronological_unit"": ""Geom. Kebaran""}]","[{""ecochronological_unit"": ""EP""}, {""ecochronological_unit"": ""Geom. Kebaran""}]","[{""reference"": ""Cauvin, J. et al. 1997a""}, {""reference"": ""CONTEXT""}]",17675.0,833.3333333333334,True,False,False
72102,Beta-69598,14650.0,70.0,,,,,,,,,,Umm el-Tlel,SY,35.23,38.85,,"[{""periode"": ""EP""}, {""periode"": ""Geom. Kebaran""}]","[{""typochronological_unit"": ""EP""}, {""typochronological_unit"": ""Geom. Kebaran""}]","[{""ecochronological_unit"": ""EP""}, {""ecochronological_unit"": ""Geom. Kebaran""}]","[{""reference"": ""Cauvin, J. et al. 1997a""}, {""reference"": ""CONTEXT""}]",17950.0,93.33333333333334,True,False,False
72103,Gif-93129,14700.0,1130.0,,,,,,,,,,Umm el-Tlel,SY,35.23,38.85,,"[{""periode"": ""EP""}, {""periode"": ""Geom. Kebaran""}]","[{""typochronological_unit"": ""EP""}, {""typochronological_unit"": ""Geom. Kebaran""}]","[{""ecochronological_unit"": ""EP""}, {""ecochronological_unit"": ""Geom. Kebaran""}]","[{""reference"": ""Cauvin, J. et al. 1997a""}, {""reference"": ""CONTEXT""}]",18050.0,2636.6666666666665,True,False,False
136621,Lv-2057,15740.0,290.0,,,,,,bone,,habitat,,Okuzini,TR,36.88,30.7,,"[{""periode"": ""Epipaleolithic""}, {""periode"": ""unspec.""}]","[{""typochronological_unit"": ""Epipaleolithic""}, {""typochronological_unit"": ""unspec.""}]","[{""ecochronological_unit"": ""Epipaleolithic""}, {""ecochronological_unit"": ""unspec.""}]","[{""reference"": ""PACEA""}]",18980.0,290.0,True,False,False
136622,Lv-2075,15020.0,550.0,,,,,,bone,,habitat,,Okuzini,TR,36.88,30.7,,"[{""periode"": ""Epipaleolithic""}, {""periode"": ""unspec.""}]","[{""typochronological_unit"": ""Epipaleolithic""}, {""typochronological_unit"": ""unspec.""}]","[{""ecochronological_unit"": ""Epipaleolithic""}, {""ecochronological_unit"": ""unspec.""}]","[{""reference"": ""PACEA""}]",18265.0,550.0,True,False,False
136623,Lv-2074,14570.0,150.0,,,,,,bone,,habitat,,Okuzini,TR,36.88,30.7,,"[{""periode"": ""Epipaleolithic""}, {""periode"": ""unspec.""}]","[{""typochronological_unit"": ""Epipaleolithic""}, {""typochronological_unit"": ""unspec.""}]","[{""ecochronological_unit"": ""Epipaleolithic""}, {""ecochronological_unit"": ""unspec.""}]","[{""reference"": ""PACEA""}]",17855.0,150.0,True,False,False
136624,Lv-2077,14380.0,190.0,,,,,,bone,,habitat,,Okuzini,TR,36.88,30.7,,"[{""periode"": ""Epipaleolithic""}, {""periode"": ""unspec.""}]","[{""typochronological_unit"": ""Epipaleolithic""}, {""typochronological_unit"": ""unspec.""}]","[{""ecochronological_unit"": ""Epipaleolithic""}, {""ecochronological_unit"": ""unspec.""}]","[{""reference"": ""PACEA""}]",17435.0,190.0,True,False,False
136625,Lv-2081,13910.0,120.0,,,,,,bone,,habitat,,Okuzini,TR,36.88,30.7,,"[{""periode"": ""Epipaleolithic""}, {""periode"": ""unspec.""}]","[{""typochronological_unit"": ""Epipaleolithic""}, {""typochronological_unit"": ""unspec.""}]","[{""ecochronological_unit"": ""Epipaleolithic""}, {""ecochronological_unit"": ""unspec.""}]","[{""reference"": ""PACEA""}]",16960.0,120.0,True,False,False
136626,Lv-2080,13740.0,200.0,,,,,,bone,,habitat,,Okuzini,TR,36.88,30.7,,"[{""periode"": ""Epipaleolithic""}, {""periode"": ""unspec.""}]","[{""typochronological_unit"": ""Epipaleolithic""}, {""typochronological_unit"": ""unspec.""}]","[{""ecochronological_unit"": ""Epipaleolithic""}, {""ecochronological_unit"": ""unspec.""}]","[{""reference"": ""PACEA""}]",16620.0,266.6666666666667,True,False,False
136627,Lv-1999,13620.0,280.0,,,,,,bone,,habitat,,Okuzini,TR,36.88,30.7,,"[{""periode"": ""Epipaleolithic""}, {""periode"": ""unspec.""}]","[{""typochronological_unit"": ""Epipaleolithic""}, {""typochronological_unit"": ""unspec.""}]","[{""ecochronological_unit"": ""Epipaleolithic""}, {""ecochronological_unit"": ""unspec.""}]","[{""reference"": ""PACEA""}]",16440.0,466.6666666666667,True,False,False
136628,Lv-2076,13520.0,640.0,,,,,,bone,,habitat,,Okuzini,TR,36.88,30.7,,"[{""periode"": ""Epipaleolithic""}, {""periode"": ""unspec.""}]","[{""typochronological_unit"": ""Epipaleolithic""}, {""typochronological_unit"": ""unspec.""}]","[{""ecochronological_unit"": ""Epipaleolithic""}, {""ecochronological_unit"": ""unspec.""}]","[{""reference"": ""PACEA""}]",16300.0,640.0,True,False,False
136629,Lv-2079,13430.0,180.0,,,,,,bone,,habitat,,Okuzini,TR,36.88,30.7,,"[{""periode"": ""Epipaleolithic""}, {""periode"": ""unspec.""}]","[{""typochronological_unit"": ""Epipaleolithic""}, {""typochronological_unit"": ""unspec.""}]","[{""ecochronological_unit"": ""Epipaleolithic""}, {""ecochronological_unit"": ""unspec.""}]","[{""reference"": ""PACEA""}]",16190.0,240.0,True,False,False
136630,Lv-2000,13380.0,190.0,,,,,,bone,,habitat,,Okuzini,TR,36.88,30.7,,"[{""periode"": ""Epipaleolithic""}, {""periode"": ""unspec.""}]","[{""typochronological_unit"": ""Epipaleolithic""}, {""typochronological_unit"": ""unspec.""}]","[{""ecochronological_unit"": ""Epipaleolithic""}, {""ecochronological_unit"": ""unspec.""}]","[{""reference"": ""PACEA""}]",16105.0,348.3333333333333,True,False,False
136631,Lv-1896,13060.0,360.0,,,,,,bone,,habitat,,Okuzini,TR,36.88,30.7,,"[{""periode"": ""Epipaleolithic""}, {""periode"": ""unspec.""}]","[{""typochronological_unit"": ""Epipaleolithic""}, {""typochronological_unit"": ""unspec.""}]","[{""ecochronological_unit"": ""Epipaleolithic""}, {""ecochronological_unit"": ""unspec.""}]","[{""reference"": ""PACEA""}]",15655.0,420.0,True,False,False
136632,Lv-1998,12810.0,180.0,,,,,,bone,,habitat,,Okuzini,TR,36.88,30.7,,"[{""periode"": ""Epipaleolithic""}, {""periode"": ""unspec.""}]","[{""typochronological_unit"": ""Epipaleolithic""}, {""typochronological_unit"": ""unspec.""}]","[{""ecochronological_unit"": ""Epipaleolithic""}, {""ecochronological_unit"": ""unspec.""}]","[{""reference"": ""PACEA""}]",15275.0,180.0,True,False,False
136633,Lv-1997,12680.0,210.0,,,,,,bone,,habitat,,Okuzini,TR,36.88,30.7,,"[{""periode"": ""Epipaleolithic""}, {""periode"": ""unspec.""}]","[{""typochronological_unit"": ""Epipaleolithic""}, {""typochronological_unit"": ""unspec.""}]","[{""ecochronological_unit"": ""Epipaleolithic""}, {""ecochronological_unit"": ""unspec.""}]","[{""reference"": ""PACEA""}]",15120.0,210.0,True,False,False
136634,Lv-2078,12480.0,160.0,,,,,,bone,,habitat,,Okuzini,TR,36.88,30.7,,"[{""periode"": ""Epipaleolithic""}, {""periode"": ""unspec.""}]","[{""typochronological_unit"": ""Epipaleolithic""}, {""typochronological_unit"": ""unspec.""}]","[{""ecochronological_unit"": ""Epipaleolithic""}, {""ecochronological_unit"": ""unspec.""}]","[{""reference"": ""PACEA""}]",14732.5,893.3333333333333,True,False,False
136635,Lv-1895,11440.0,100.0,,,,,,bone,,habitat,,Okuzini,TR,36.88,30.7,,"[{""periode"": ""Epipaleolithic""}, {""periode"": ""unspec.""}]","[{""typochronological_unit"": ""Epipaleolithic""}, {""typochronological_unit"": ""unspec.""}]","[{""ecochronological_unit"": ""Epipaleolithic""}, {""ecochronological_unit"": ""unspec.""}]","[{""reference"": ""PACEA""}]",13312.5,100.0,True,False,False
138931,UClAMS-57215,8245.0,20.0,,,,,,charcoal,,Hearth 105,Open air site,E29H1 [aka E29H1 (L Basin)],EG,29.5842,30.8344,Open air site,"[{""periode"": ""Epipalaeolithic""}]","[{""typochronological_unit"": ""Epipalaeolithic""}]","[{""ecochronological_unit"": ""Epipalaeolithic""}]","[{""reference"": ""HoldawayWendrich.2017DesFay, PhillippsHoldaway.2012MidHol""}, {""reference"": ""MedAfriCarbon""}]",9207.5,48.33333333333333,True,False,False
138932,UClAMS-57216,8175.0,30.0,,,,,,charcoal,,Hearth 112,Open air site,E29H1 [aka E29H1 (L Basin)],EG,29.5842,30.8344,Open air site,"[{""periode"": ""Epipalaeolithic""}]","[{""typochronological_unit"": ""Epipalaeolithic""}]","[{""ecochronological_unit"": ""Epipalaeolithic""}]","[{""reference"": ""HoldawayWendrich.2017DesFay, PhillippsHoldaway.2012MidHol""}, {""reference"": ""MedAfriCarbon""}]",9080.0,50.0,True,False,False
138933,UClAMS-57217,8200.0,20.0,,,,,,charcoal,,Hearth 115,Open air site,E29H1 [aka E29H1 (L Basin)],EG,29.5842,30.8344,Open air site,"[{""periode"": ""Epipalaeolithic""}]","[{""typochronological_unit"": ""Epipalaeolithic""}]","[{""ecochronological_unit"": ""Epipalaeolithic""}]","[{""reference"": ""HoldawayWendrich.2017DesFay, PhillippsHoldaway.2012MidHol""}, {""reference"": ""MedAfriCarbon""}]",9145.0,73.33333333333333,True,False,False
138934,UClAMS-57218,8185.0,20.0,,,,,,charcoal,,Hearth 122,Open air site,E29H1 [aka E29H1 (L Basin)],EG,29.5842,30.8344,Open air site,"[{""periode"": ""Epipalaeolithic""}]","[{""typochronological_unit"": ""Epipalaeolithic""}]","[{""ecochronological_unit"": ""Epipalaeolithic""}]","[{""reference"": ""HoldawayWendrich.2017DesFay, PhillippsHoldaway.2012MidHol""}, {""reference"": ""MedAfriCarbon""}]",9112.5,55.0,True,False,False
138935,UClAMS-57219,8235.0,20.0,,,,,,charcoal,,Hearth 123,Open air site,E29H1 [aka E29H1 (L Basin)],EG,29.5842,30.8344,Open air site,"[{""periode"": ""Epipalaeolithic""}]","[{""typochronological_unit"": ""Epipalaeolithic""}]","[{""ecochronological_unit"": ""Epipalaeolithic""}]","[{""reference"": ""HoldawayWendrich.2017DesFay, PhillippsHoldaway.2012MidHol""}, {""reference"": ""MedAfriCarbon""}]",9202.5,48.33333333333333,True,False,False
138936,UClAMS-57220,8050.0,20.0,,,,,,charcoal,,Hearth 140,Open air site,E29H1 [aka E29H1 (L Basin)],EG,29.5842,30.8344,Open air site,"[{""periode"": ""Epipalaeolithic""}]","[{""typochronological_unit"": ""Epipalaeolithic""}]","[{""ecochronological_unit"": ""Epipalaeolithic""}]","[{""reference"": ""HoldawayWendrich.2017DesFay, PhillippsHoldaway.2012MidHol""}, {""reference"": ""MedAfriCarbon""}]",9000.0,20.0,True,False,False
138937,UClAMS-57221,8245.0,20.0,,,,,,charcoal,,Hearth 141,Open air site,E29H1 [aka E29H1 (L Basin)],EG,29.5842,30.8344,Open air site,"[{""periode"": ""Epipalaeolithic""}]","[{""typochronological_unit"": ""Epipalaeolithic""}]","[{""ecochronological_unit"": ""Epipalaeolithic""}]","[{""reference"": ""HoldawayWendrich.2017DesFay, PhillippsHoldaway.2012MidHol""}, {""reference"": ""MedAfriCarbon""}]",9207.5,48.33333333333333,True,False,False
138938,UClAMS-57188,7305.0,25.0,,,,,,charcoal,,Hearth 148,Open air site,E29H1 [aka E29H1 (L Basin)],EG,29.5842,30.8344,Open air site,"[{""periode"": ""Epipalaeolithic""}]","[{""typochronological_unit"": ""Epipalaeolithic""}]","[{""ecochronological_unit"": ""Epipalaeolithic""}]","[{""reference"": ""HoldawayWendrich.2017DesFay, PhillippsHoldaway.2012MidHol""}, {""reference"": ""MedAfriCarbon""}]",8102.5,56.25,True,False,False
138939,UClAMS-57222,7430.0,20.0,,,,,,charcoal,,Hearth 149,Open air site,E29H1 [aka E29H1 (L Basin)],EG,29.5842,30.8344,Open air site,"[{""periode"": ""Epipalaeolithic""}]","[{""typochronological_unit"": ""Epipalaeolithic""}]","[{""ecochronological_unit"": ""Epipalaeolithic""}]","[{""reference"": ""HoldawayWendrich.2017DesFay, PhillippsHoldaway.2012MidHol""}, {""reference"": ""MedAfriCarbon""}]",8255.0,43.33333333333333,True,False,False
138940,UClAMS-57223,6980.0,20.0,,,,,,charcoal,,Hearth 201,Open air site,E29H1 [aka E29H1 (L Basin)],EG,29.5842,30.8344,Open air site,"[{""periode"": ""Epipalaeolithic""}]","[{""typochronological_unit"": ""Epipalaeolithic""}]","[{""ecochronological_unit"": ""Epipalaeolithic""}]","[{""reference"": ""HoldawayWendrich.2017DesFay, PhillippsHoldaway.2012MidHol""}, {""reference"": ""MedAfriCarbon""}]",7812.5,20.0,True,False,False
138949,UClAMS-122034,8150.0,20.0,,,,,,charcoal,,Hearth L1H54,Open air hearth,L1 (L Basin),EG,29.5869,30.8272,Open air hearth,"[{""periode"": ""Epipalaeolithic""}]","[{""typochronological_unit"": ""Epipalaeolithic""}]","[{""ecochronological_unit"": ""Epipalaeolithic""}]","[{""reference"": ""HoldawayWendrich.2017DesFay""}, {""reference"": ""MedAfriCarbon""}]",9070.0,33.33333333333333,True,False,False
138950,UClAMS-122045,8220.0,20.0,,,,,,charcoal,,Hearth L1H54,Open air hearth,L1 (L Basin),EG,29.5869,30.8272,Open air hearth,"[{""periode"": ""Epipalaeolithic""}]","[{""typochronological_unit"": ""Epipalaeolithic""}]","[{""ecochronological_unit"": ""Epipalaeolithic""}]","[{""reference"": ""HoldawayWendrich.2017DesFay""}, {""reference"": ""MedAfriCarbon""}]",9155.0,76.66666666666666,True,False,False
